"","X.1","X","Subjects","School","Majority.URM.and.FRL","D1pre","D2pre","D3pre","Race","URM","B1","B2","B3","B4","B5","B6","B7","B8","B9","B10","B11","B12","B13","B14","B15","B16","B17","B18","B19","A1","A2","A3","A4","A5","A6","A7","A8","A9","A10","A11","A12","A13","A14","A15","A16","A17","A18","A19","AA1","AA2","AA3","AA4","AA5","AA6","AA7","AA8","AA9","AA10","AA11","AA12","AA13","AA14","AA15","AA16","AA17","AA18","AA19","presia","postsia","preSE","postSE","preenergy","postenergy"
"1",1,1,"AUX1","Auxier","No","male","white","no","white","n",5,5,5,5,5,5,5,5,5,5,5,5,5,5,5,5,5,5,5,5,5,5,5,5,5,5,5,5,2,4,5,5,4,5,5,5,5,5,5,5,5,5,3,5,5,5,5,2,4,5,5,5,4,5,5,5,5,5,4.5,5,4.833333333,5,5
"2",4,4,"AUX12","Auxier","No","female","white","no","white","n",4,5,4,5,4,4,5,4,4,3.5,2,4,4,5,4,3,4,4,4,5,4,4,4,4,5,5,4,4,4,2,4,4,4,4,4,5,4,5,5,4,4,4,4,5,5,4,NA,3,2,4,4,5,5,4,4,5,4,4.25,4.333333333,4,4,4,4.666666667
"3",8,8,"AUX16","Auxier","No","female","white","no","white","n",5,5,5,5,4,5,5,5,4,5,2,5,4,4,5,4,5,5,5,5,5,4,5,4,4,5,4,4,4,2,5,4,5,4,5,5,5,5,5,5,5,5,5,5,5,5,5,5,2,5,5,5,5,5,5,5,5,4.833333333,4.5,4.333333333,4.5,5,5
"4",9,9,"AUX17","Auxier","No","female","other","yes","hispanic","y",5,5,5,5,3,3,5,5,5,5,5,3,1,5,4,3,5,5,5,5,5,5,5,5,5,5,5,5,5,5,5,5,5,5,5,5,5,5,5,4,4,5,3,4,5,4,4,4,5,3,3,4,4,4,5,5,5,4.666666667,5,3.5,5,5,5
"5",10,10,"AUX18","Auxier","No","female","other","yes","hispanic","y",3,5,1,4,3,5,4,4,2,1,4,5,5,4,4,2,5,4,5,4,5,3,3,2,5,4,5,2,2,1,3,3,5,5,5,5,5,5,2,4,1,2,1,4,3,4,2,1,5,3,1,3,4,5,1,1,2,2.666666667,3,3.666666667,3.833333333,4.666666667,5
"6",11,11,"AUX19","Auxier","No","male","white","yes","hispanic","y",5,4,5,5,2,4,4,4,4,4,5,4,5,4,5,4,3,5,4,5,5,4,5,3,4,5,4,4,3,3,4,3,5,4,5,5,4,4,2,3,1,4,2,3,5,4,3,2,4,4,4,3,3,3,5,5,4,4.166666667,4.166666667,4.333333333,4.166666667,4,4.333333333
"7",12,12,"AUX2","Auxier","No","male","white","no","white","n",5,4,3,4,2,4,5,5,4,3,2,2,4,5,4,4,5,5,5,5,4,3,5,2,4,5,5,4,2,2,4,4,5,4,5,5,4,4,4,4,2,4,2,4,4,5,4,2,2,4,5,4,4,2,4,5,4,3.666666667,3.666666667,3.833333333,4.333333333,5,4.333333333
"8",15,15,"AUX22","Auxier","No","female","white/other","no","white","n",5,4,4,4,4,5,5,4,4,5,4,4,3,4,4,3,4,4,4,5,5,5,5,5,5,5,5,5,5,3,5,4,5,5,5,5,5,5,4,4,5,5,4,4,5,4,4,5,3,4,3,3,3,3,3,3,3,4.5,5,3.666666667,4.833333333,4,5
"9",16,16,"AUX23","Auxier","No","female","white","no","white","n",4,5,3,3,3,5,3,5,5,1,2,3,4,3,4,3,1,1,1,4,4,5,3,2,5,3,5,4,2,3,3,2,4,4,3,5,5,5,3,5,4,3,1,3,3,5,4,1,3,3,3,4,3,4,3,3,3,2.833333333,3.166666667,3.666666667,3.333333333,1,5
"10",18,18,"AUX25","Auxier","No","male","other","yes","hispanic","y",5,4,4,5,4,5,5,5,4,3,4,3,2,4,3,4,2,3,2,5,5,5,5,5,5,5,5,5,4,5,5,3,5,5,5,5,5,5,5,5,5,5,5,5,5,5,5,5,5,5,5,5,5,5,5,5,5,4.333333333,4.833333333,3.333333333,4.666666667,2.333333333,5
"11",19,19,"AUX26","Auxier","No","female","white","decline to state","white","n",5,5,3,4,4,5,5,4,3,3,3,5,1,4,1,5,4,4,4,5,5,3,4,4,5,5,5,3,2,2,5,5,5,5,5,3,3,3,4,5,3,5,3,5,5,4,4,3,5,5,3,5,5,4,4,4,4,4,3.833333333,3.166666667,4.666666667,4,3
"12",20,20,"AUX27","Auxier","No","female","white","yes","hispanic","y",4,4,5,5,1,NA,5,5,5,5,4,1,3,4,3,4,2,5,4,5,4,4,4,NA,5,4,5,4,5,5,1,3,5,5,5,5,5,5,3,3,3,3,2,5,3,5,3,5,3,5,3,4,3,4,3,4,4,4.166666667,NA,3.333333333,3.833333333,3.666666667,5
"13",23,23,"AUX3","Auxier","No","female","other","yes","hispanic","y",5,1,3,5,2,5,5,5,5,4,5,4,4,5,1,3,1,1,1,5,2,4,5,4,5,5,4,4,4,4,5,5,4,4,4,5,5,5,4,3,3,4,2,4,4,4,4,3,4,3,4,4,3,3,5,4,4,4,4.5,3.666666667,4.333333333,1,5
"14",24,24,"AUX30","Auxier","No","male","white","no","white","n",5,4,4,3,4,4,5,5,4,2,4,5,4,5,5,5,4,5,5,5,5,4,5,4,4,5,5,4,2,3,5,2,5,4,5,5,5,4,5,4,4,5,3,4,5,5,4,3,3,5,4,5,3,5,4,5,4,3.833333333,4.166666667,4.666666667,4.166666667,4.666666667,4.666666667
"15",25,25,"AUX31","Auxier","No","female","white","no","white","n",5,4,4,4,4,5,5,4,4,2,4,2,4,4,4,4,5,5,5,5,5,3,5,5,5,5,5,4,2,3,4,5,5,5,5,5,5,5,4,4,3,3,2,5,3,4,3,2,3,4,4,3,3,3,4,4,4,4,4.166666667,3.666666667,4.666666667,5,5
"16",26,26,"AUX32","Auxier","No","male","white/other","no","white","n",5,5,4,5,5,5,5,3,4,5,2,3,3,5,5,3,5,5,4,5,4,3,5,5,5,5,3,5,4,2,5,4,5,4,4,5,5,5,5,5,4,5,5,5,5,5,5,5,2,5,4,5,5,4,5,5,5,4.833333333,4.5,3.833333333,4.5,4.666666667,5
"17",27,27,"AUX33","Auxier","No","female","white","no","white","n",4,4,2,3,2,4,1,4,4,2,3,5,4,4,4,4,1,2,2,3,4,3,2,3,4,1,4,3,3,2,5,4,4,NA,4,5,4,5,4,5,4,2,2,NA,2,4,4,1,2,4,5,4,4,4,3,3,3,2.333333333,2.5,4.166666667,NA,1.666666667,4.666666667
"18",31,31,"AUX37","Auxier","No","female","white","yes","white","n",4,5,3,1,1,2,3,5,3,2,3,4,3,4,3,3,3,4,3,4,5,2,3,2,4,4,4,4,2,4,4,4,4,3,3,5,5,5,4,4,3,4,3,3,4,4,4,2,4,3,3,4,3,3,5,5,5,2.333333333,2.833333333,3.333333333,3.666666667,3.333333333,5
"19",34,34,"AUX4","Auxier","No","male","white","no","white","n",4,4,1,4,3,5,4,5,4,1,4,4,4,2,2,5,2,4,1,4,4,1,3,2,4,2,5,4,2,4,1,4,4,4,5,4,3,5,4,4,1,3,2,4,4,5,4,1,4,4,4,2,4,3,3,4,4,2.833333333,2.333333333,3.5,3.666666667,2.333333333,4
"20",36,36,"AUX41","Auxier","No","female","white","no","white","n",4,5,5,4,2,3,1,5,4,1,3,3,1,4,3,2,1,5,2,4,5,4,3,2,3,2,5,4,2,4,3,4,4,3,3,5,4,4,4,5,5,3,3,4,2,4,4,4,2,5,2,4,3,3,4,5,5,2.833333333,2.833333333,2.833333333,3.5,2.666666667,4.333333333
"21",37,37,"AUX42","Auxier","No","female","white","no","white","n",4,5,5,4,4,5,5,5,4,2,4,4,4,5,4,4,3,3,3,5,5,5,5,5,5,5,5,5,1,5,3,3,5,5,5,5,5,5,4,4,3,4,4,5,4,5,3,3,4,3,4,4,4,4,4,4,4,4,4.333333333,4.166666667,4.333333333,3,5
"22",38,38,"AUX43","Auxier","No","male","white","no","white","n",5,4,5,4,2,4,2,5,4,3,2,2,4,4,4,4,4,5,2,4,4,4,1,1,5,2,5,4,1,2,4,4,5,4,5,4,4,4,4,4,1,1,4,5,4,5,4,4,2,4,4,4,4,4,4,4,5,3.5,2.166666667,3.666666667,4.333333333,3.666666667,4
"23",39,39,"AUX44","Auxier","No","male","white","no","white","n",4,3,4,2,4,4,1,5,4,2,1,1,3,4,3,4,3,5,5,4,3,5,5,2,3,2,5,4,2,4,1,2,5,3,3,5,3,4,4,5,4,3,2,5,2,5,3,3,5,1,4,5,5,4,4,5,5,2.833333333,3.333333333,3.166666667,3,4.333333333,4
"24",40,40,"AUX45","Auxier","No","male","white","no","white","n",4,5,2,3,3,5,4,5,4,2,3,4,5,5,4,4,4,5,5,5,5,3,3,2,5,5,5,5,3,4,4,5,5,4,5,5,5,5,4,5,2,2,2,5,4,5,5,2,4,5,4,5,4,4,4,4,4,3,3.5,4.333333333,4.666666667,4.666666667,5
"25",42,42,"AUX47","Auxier","No","male","white/other","no","white","n",4,4,3,4,3,5,5,4,4,3,3,3,2,4,2,4,3,3,3,5,5,3,5,3,5,5,5,4,3,3,4,2,4,4,4,5,5,5,5,5,3,4,3,5,5,5,4,2,2,4,3,4,3,4,3,4,3,3.666666667,4,3.166666667,3.666666667,3,5
"26",43,43,"AUX48","Auxier","No","female","white","no","white","n",3,2,1,2,1,3,3,5,3,1,2,4,1,4,2,2,3,3,3,4,4,2,3,2,4,2,4,3,1,3,4,3,4,4,3,5,3,4,4,4,1,3,2,4,4,5,3,1,3,4,3,4,4,4,5,5,5,1.833333333,2.333333333,2.666666667,3.5,3,4
"27",44,44,"AUX49","Auxier","No","male","white","no","white","n",4,5,1,4,3,4,4,5,4,2,5,2,1,5,4,5,4,4,5,5,5,5,5,5,4,5,5,4,4,5,4,5,5,4,5,5,5,5,5,5,2,5,4,5,4,5,5,3,5,5,4,5,4,5,4,5,4,3,4.833333333,3.5,4.5,4.333333333,5
"28",45,45,"AUX5","Auxier","No","female","white","no","white","n",4,3,1,3,2,5,3,5,4,2,4,4,3,4,3,4,3,3,4,5,4,2,4,2,NA,4,5,5,3,4,5,3,5,2,4,5,5,5,4,5,3,4,2,5,4,5,5,1,5,5,4,4,4,2,4,4,5,2.5,3.333333333,3.666666667,4,3.333333333,5
"29",46,46,"AUX50","Auxier","No","female","white","no","white","n",1,4,1,3,1,5,2,5,3,1,4,2,2,3,2,4,2,2,1,2,5,1,1,1,5,2,5,3,1,4,4,1,4,1,4,5,3,5,3,4,5,2,1,5,3,5,2,1,4,5,1,4,2,4,1,1,4,1.5,1.333333333,2.666666667,2.833333333,1.666666667,4.333333333
"30",47,47,"AUX51","Auxier","No","female","white","no","white","n",4,4,5,5,4,3,4,5,4,1,3,2,3,3,3,4,3,4,3,5,4,5,5,4,4,5,5,4,3,3,2,4,4,3,4,5,4,5,NA,NA,NA,NA,NA,NA,NA,NA,NA,NA,NA,NA,NA,NA,NA,NA,NA,NA,NA,3.833333333,4.5,3.166666667,3.5,3.333333333,4.666666667
"31",48,48,"AUX52","Auxier","No","male","white","no","white","n",5,5,5,5,5,4,5,5,4,3,5,5,5,4,4,4,5,3,3,5,5,4,5,4,4,5,4,4,4,4,4,4,5,5,4,5,4,5,5,5,4,5,4,5,5,5,5,3,4,4,4,4,4,4,5,5,5,4.666666667,4.5,4.333333333,4.333333333,3.666666667,4.666666667
"32",49,49,"AUX53","Auxier","No","female","white","no","white","n",4,3,3,3,2,4,4,4,4,1,2,2,1,4,NA,2,1,3,4,4,3,4,3,1,5,4,4,3,2,2,4,2,2,2,1,5,5,4,4,5,4,4,2,4,4,4,4,3,2,4,4,4,4,4,3,4,4,2.833333333,3,NA,2.333333333,2.666666667,4.666666667
"33",50,50,"AUX54","Auxier","No","female","white","no","white","n",4,4,5,4,2,4,4,5,2,2,2,2,2,4,3,2,2,4,4,4,4,4,4,3,4,2,5,2,1,3,3,4,4,4,3,4,4,4,4,5,5,4,2,4,3,5,5,3,2,4,3,5,4,4,4,5,4,3.5,3,2.5,3.333333333,3.333333333,4
"34",51,51,"AUX55","Auxier","No","male","white","no","white","n",5,5,5,5,5,5,5,4,5,5,3,5,5,5,5,NA,5,5,5,5,5,5,5,5,5,5,4,4,5,4,5,5,5,5,5,5,5,5,5,5,4,5,5,5,5,4,5,5,4,5,5,5,5,5,5,5,5,5,5,NA,4.833333333,5,5
"35",52,52,"AUX56","Auxier","No","female","white","no","white","n",4,4,5,4,3,4,4,5,2,2,4,2,2,3,4,4,4,2,4,4,5,5,4,2,4,4,5,4,1,4,3,3,4,4,4,4,4,4,4,5,3,3,2,5,5,5,4,2,4,5,4,4,4,5,3,3,3,3.666666667,3.333333333,2.833333333,3.666666667,3.333333333,4
"36",53,53,"AUX57","Auxier","No","male","white","no","white","n",3,3,4,1,1,3,1,4,4,1,4,3,2,5,4,3,3,2,3,4,3,5,3,2,3,3,5,4,4,5,5,3,4,3,2,3,4,4,3,2,4,2,1,2,1,4,3,1,4,4,1,4,3,3,2,4,4,1.833333333,3.5,3.5,3.5,2.666666667,3.666666667
"37",54,54,"AUX58","Auxier","No","female","white","no","white","n",4,5,3,2,1,4,3,5,4,2,4,4,4,5,4,4,3,4,4,4,5,4,4,3,4,3,5,4,3,4,4,4,5,4,5,5,5,5,4,4,3,3,2,4,2,5,4,2,4,4,4,4,4,4,5,5,5,2.5,3.5,4.166666667,4.333333333,3.666666667,5
"38",55,55,"AUX59","Auxier","No","female","white","no","white","n",4,4,2,3,3,5,4,5,4,2,3,4,4,5,3,4,4,4,4,4,4,2,3,1,5,5,5,3,2,3,4,4,5,4,4,5,5,5,4,4,3,4,2,5,5,5,4,2,4,4,4,5,4,4,4,4,4,3,2.833333333,4,4,4,5
"39",56,56,"AUX6","Auxier","No","female","white","no","white","n",4,5,2,3,3,5,1,5,4,2,3,4,2,4,2,3,4,4,4,4,5,1,4,4,4,5,5,4,5,3,5,3,4,4,5,5,5,5,1,4,1,1,1,3,5,5,3,1,3,4,3,3,2,4,1,1,1,2.5,3.833333333,3.166666667,4.166666667,4,5
"40",57,57,"AUX60","Auxier","No","female","white","no","white","n",5,5,4,5,5,5,5,5,4,3,2,5,5,5,4,5,4,4,5,5,5,5,5,5,5,5,5,5,4,5,5,5,5,5,5,5,5,5,4,5,3,5,4,5,5,5,5,3,5,5,5,5,4,5,4,4,3,4.5,4.833333333,4.666666667,5,4.333333333,5
"41",59,59,"AUX62","Auxier","No","female","white","yes","hispanic","y",5,5,4,5,4,4,3,5,3,3,3,1,1,4,3,4,5,5,5,5,5,5,5,5,5,3,5,5,4,2,3,5,5,5,5,5,5,5,5,5,5,3,3,5,5,5,4,3,3,3,4,4,4,5,3,3,4,4,4.5,2.666666667,4.666666667,5,5
"42",60,60,"AUX63","Auxier","No","female","white","no","white","n",3,4,3,3,3,4,4,5,4,1,4,3,4,4,2,2,4,3,2,4,5,4,3,3,4,5,5,3,2,3,3,4,4,4,3,3,3,3,3,3,3,2,2,4,4,5,4,1,4,4,3,4,4,4,3,4,3,2.833333333,3.5,3.166666667,3.5,3,3
"43",62,62,"AUX65","Auxier","No","female","white","no","white","n",3,4,2,4,2,4,4,5,3,2,2,2,2,4,2,2,3,3,3,3,4,2,2,2,4,3,5,2,2,2,3,1,4,2,4,4,4,4,3,4,5,2,1,5,4,5,4,1,2,3,1,5,3,4,4,4,3,2.833333333,2.333333333,2.5,2.666666667,3,4
"44",63,63,"AUX66","Auxier","No","female","white","no","white","n",4,4,5,4,4,5,5,5,4,2,4,5,4,5,4,5,5,5,5,5,5,4,5,4,5,5,5,5,4,5,5,5,5,5,5,5,5,5,4,5,4,3,2,5,5,5,5,4,5,5,4,5,5,5,5,5,5,4,4.5,4.5,5,5,5
"45",66,66,"AUX7","Auxier","No","male","white/other","yes","hispanic","y",3,4,2,2,2,4,2,4,2,1,1,4,4,4,4,4,1,1,1,3,5,1,1,1,4,1,5,2,1,1,4,4,5,5,5,4,2,2,2,5,1,1,1,4,1,5,1,1,1,1,5,5,5,5,5,5,5,2,1.333333333,3.666666667,4.166666667,1,2.666666667
"46",67,67,"AUX8","Auxier","No","female","white/other","no","white","n",4,3,2,3,1,5,4,3,3,3,3,3,1,3,2,3.5,3,3,3,5,3,5,5,1,5,3,4,4,2,3,3.5,2,3,2,3.5,5,4,5,NA,NA,NA,NA,NA,NA,NA,NA,NA,NA,NA,NA,NA,NA,NA,NA,NA,NA,NA,2.833333333,3.5,2.583333333,3,3,4.666666667
"47",68,68,"AUX9","Auxier","No","female","white","no","white","n",3,4,2,3,5,5,3,5,3,1,2,4,5,4,3,4,3,3,2,3,4,2,3,4,5,2,5,3,2,1,4,5,4,3,5,5,5,5,3,4,2,2,2,4,3,5,3,2,3,2,4,3,3,4,3,3,3,2.833333333,2.666666667,3.833333333,4,2.666666667,5
"48",69,69,"BGA1","Bologna ","Yes","female","decline to state","yes","hispanic","y",4,5,4,5,4,4,4,2,3,4,3,2,3,5,3,2,4,5,5,5,5,5,5,5,5,1,3,3,5,3,5,2,5,3,5,5,5,5,5,4,2,5,4,5,5,3,4,4,5,2,2,4,3,2,4,3,4,4.166666667,4.333333333,3,3.833333333,4.666666667,5
"49",72,72,"BGA12","Bologna ","Yes","female","decline to state","yes","hispanic","y",5,5,4,5,5,4,4,4,2,5,4,5,4,3,2,4,2,4,5,5,4,2,5,5,5,5,4,3,5,2,4,2,4,3,2,4,5,5,5,5,4,5,5,5,5,4,5,4,4,4,4,4,4,4,5,5,5,4.666666667,4.5,3.333333333,3,3.666666667,4.666666667
"50",73,73,"BGA13","Bologna ","Yes","female","white/other","no","white","n",5,4,3,5,5,5,4,5,5,2,5,5,4,5,5,5,5,5,4,5,5,5,5,5,5,5,5,5,5,3,5,5,5,5,5,5,5,5,4,5,2,3,5,5,4,5,3,3,4,4,4,4,5,5,5,5,5,4,5,4.833333333,5,4.666666667,5
"51",74,74,"BGA14","Bologna ","Yes","male","white","no","white","n",5,5,4,5,5,5,5,1,1,4,NA,5,5,5,4,1,5,5,5,5,4,4,5,5,5,5,1,1,4,1,1,5,5,5,1,5,5,5,5,5,4,5,5,4,5,1,1,4,3,1,4,4,1,1,5,4,5,4.666666667,4.666666667,3.5,3,5,5
"52",78,78,"BGA18","Bologna ","Yes","male","white","yes","hispanic","y",4,4,3,4,5,5,5,4,4,3,2,4,4,4,3,4,3,4,4,5,5,5,5,5,5,5,4,4,5,2,3,5,4,4,5,5,5,5,4,4,3,4,4,4,3,4,4,2,2,4,4,4,4,3,4,4,4,4,5,3.833333333,4.166666667,3.666666667,5
"53",79,79,"BGA19","Bologna ","Yes","female","decline to state","yes","hispanic","y",5,5,5,5,5,5,5,5,4,4,3,5,5,4,5,5,5,5,5,5,5,5,5,5,5,5,5,5,5,5,5,5,5,5,5,5,5,5,5,5,4,5,5,5,5,4,4,4,1,4,4,4,4,4,5,5,5,4.833333333,5,4.666666667,5,5,5
"54",81,81,"BGA20","Bologna ","Yes","female","other","yes","hispanic","y",5,5,5,5,5,5,5,4,5,3,5,4,4,2,5,5,4,5,4,5,5,5,5,5,5,5,5,5,4,5,4,4,5,5,5,5,5,5,5,4,3,5,5,4,5,4,3,2,4,4,5,4,2,4,5,5,4,4.666666667,4.833333333,4.166666667,4.666666667,4.333333333,5
"55",85,85,"BGA4","Bologna ","Yes","male","white","decline to state","white","n",4,5,2,5,4,5,5,3,4,3,3,4,4,4,3,4,5,4,4,5,5,4,5,3,4,5,3,4,2,3,3,4,5,3,4,5,5,5,5,4,3,5,4,4,5,5,4,3,4,3,4,5,4,4,5,5,5,3.833333333,4,3.833333333,3.833333333,4.333333333,5
"56",87,87,"BGA6","Bologna ","Yes","male","decline to state","yes","hispanic","y",5,5,5,5,5,5,5,4,4,1,1,4,4,5,4,4,5,5,5,5,5,5,5,1,5,5,4,4,1,1,4,1,4,4,4,5,5,5,5,5,1,1,1,5,5,4,1,1,5,4,1,4,1,1,5,3,4,4.333333333,3.666666667,4.166666667,3.5,5,5
"57",88,88,"BGA7","Bologna ","Yes","female","decline to state","yes","hispanic","y",4,5,3,4,2,4,5,5,4,2,2,3,2,4,3,4,5,4,3,5,5,4,5,4,4,5,5,4,4,4,3,5,5,4,5,4,4,4,4,5,3.5,4,3,4,4,5,3,2,2.5,3.5,4,5,3,3,5,5,4,3.333333333,4.5,3.333333333,4.333333333,4,4
"58",89,89,"BGA8","Bologna ","Yes","female","other","yes","hispanic","y",4,5,4,4,4,5,5,4,4,3,3,3,4,3,3,4,1,3,5,5,4,3,5,5,NA,5,4,4,2,3,5,3,5,4,3,4,5,2,4,5,2,4,5,5,3,4,3,1,3,2,3,5,4,2,5,5,5,4,4.166666667,3.5,4,3,3.666666667
"59",90,90,"BGA9","Bologna ","Yes","male","white","no","white","n",5,5,5,5,5,5,5,5,4,5,4,5,4,5,4,5,3,5,5,5,5,5,5,5,5,5,5,5,5,5,5,5,5,5,5,5,5,5,5,5,5,5,5,5,5,5,5,5,5,5,5,5,5,5,5,5,5,5,5,4.5,5,4.333333333,5
"60",91,91,"BLK 1","CTA","No","female","white","no","white","n",5,5,4,4,4,5,2,5,5,2,5,5,3,4,5,5,4,4,3,5,5,3,4,5,4,3,5,5,4,5,4,4,4,5,4,5,4,5,NA,NA,NA,NA,NA,NA,NA,NA,NA,NA,NA,NA,NA,NA,NA,NA,NA,NA,NA,3.5,4,4.5,4.333333333,3.666666667,4.666666667
"61",92,92,"BLK 10","CTA","No","female","other","yes","hispanic","y",3,4,3,3,2,4,4,3,3,1,2,4,4,5,3,2.5,5,5,5,4,3,2,4,2,5,5,3,3,2,3,5,4,4,5,4,5,4,4,NA,NA,NA,NA,NA,NA,NA,NA,NA,NA,NA,NA,NA,NA,NA,NA,NA,NA,NA,2.666666667,3.166666667,3.583333333,4.166666667,5,4.333333333
"62",93,93,"BLK 11","CTA","No","female","white","no","white","n",4,4,3,3,2,4,4,5,4,2,4,3,3,4,3,3,4,5,4,5,5,4,4,2,5,4,5,4,2,4,4,4,5,4,3,4,5,4,NA,NA,NA,NA,NA,NA,NA,NA,NA,NA,NA,NA,NA,NA,NA,NA,NA,NA,NA,3,3.5,3.333333333,4,4.333333333,4.333333333
"63",94,94,"BLK 12","CTA","No","female","white","no","white","n",2,5,2,2,1,5,4,4,4,2,4,4,5,5,3,4,2,3,2,4,5,2,4,3,5,5,4,5,3,5,3,2,5,2,3,4,3,4,NA,NA,NA,NA,NA,NA,NA,NA,NA,NA,NA,NA,NA,NA,NA,NA,NA,NA,NA,2.166666667,3.5,4.166666667,3.333333333,2.333333333,3.666666667
"64",95,95,"BLK 13","CTA","No","male","white","no","white","n",4,4,4,5,4,4,4,4,4,5,1,4,5,5,3,4,5,4,5,5,4,4,5,4,5,5,4,4,5,2,4,5,4,5,4,3,4,4,NA,NA,NA,NA,NA,NA,NA,NA,NA,NA,NA,NA,NA,NA,NA,NA,NA,NA,NA,4.333333333,4.666666667,4.166666667,4.333333333,4.666666667,3.666666667
"65",97,97,"BLK 15","CTA","No","female","white","decline to state","white","n",3,4,4,4,2,4,5,5,4,1,3,5,3,4,4,5,3,NA,3,4,4,5,3,2,4,4,4,4,2,3,4,4,5,4,4,3,4,3,NA,NA,NA,NA,NA,NA,NA,NA,NA,NA,NA,NA,NA,NA,NA,NA,NA,NA,NA,3.166666667,3.333333333,4.166666667,4.166666667,NA,3.333333333
"66",99,99,"BLK 17","CTA","No","female","white","no","white","n",3,2,1,3,1,4,3,4,1,1,1,3,1,2,3,3,4,5,4,4,2,1,3,2,4,4,4,3,NA,2,4,3,3,2,2,4,4,4,NA,NA,NA,NA,NA,NA,NA,NA,NA,NA,NA,NA,NA,NA,NA,NA,NA,NA,NA,2,NA,2.166666667,2.833333333,4.333333333,4
"67",100,100,"BLK 18","CTA","No","male","white","no","white","n",5,5,5,4,4,5,5,5,4,4,4,4,5,4,4,5,5,5,5,5,5,5,5,4,5,5,5,5,5,5,4,5,5,5,5,5,5,5,NA,NA,NA,NA,NA,NA,NA,NA,NA,NA,NA,NA,NA,NA,NA,NA,NA,NA,NA,4.5,4.833333333,4.333333333,4.833333333,5,5
"68",101,101,"BLK 19","CTA","No","male","white","no","white","n",5,5,5,4,4,5,5,5,4,4,3,4,5,5,4,5,5,4,5,5,5,4,4,4,5,5,5,4,4,3,4,5,5,5,5,4,4,5,NA,NA,NA,NA,NA,NA,NA,NA,NA,NA,NA,NA,NA,NA,NA,NA,NA,NA,NA,4.5,4.333333333,4.5,4.666666667,4.666666667,4.333333333
"69",102,102,"BLK 2","CTA","No","female","white","decline to state","white","n",5,5,4,4.5,2,4,4.5,4,5,5,5,4,3,4,NA,4,4,4,4,5,4,2,4.5,2,5,4.5,4,4,5,2,4,3,5,4,5,5,5,4,NA,NA,NA,NA,NA,NA,NA,NA,NA,NA,NA,NA,NA,NA,NA,NA,NA,NA,NA,4.166666667,3.833333333,NA,4.166666667,4,4.666666667
"70",103,103,"BLK 3","CTA","No","female","white","no","white","n",4,5,3,4,2,5,5,4,4,3,5,4,5,4,2,4,4,4,4,5,5,2,4,3,5,4,4,5,4,5,5,4,4,5,4,5,5,5,NA,NA,NA,NA,NA,NA,NA,NA,NA,NA,NA,NA,NA,NA,NA,NA,NA,NA,NA,3.5,3.666666667,3.833333333,4.5,4,5
"71",104,104,"BLK 4","CTA","No","male","white","no","white","n",4,5,1,3,2,5,2,5,4,1,3,5,5,4,4,4,5,5,5,4,5,1,3,1,5,2,5,4,1,3,4,5,4,4,4,3,4,4,NA,NA,NA,NA,NA,NA,NA,NA,NA,NA,NA,NA,NA,NA,NA,NA,NA,NA,NA,2.166666667,2,4.333333333,4.166666667,5,3.666666667
"72",106,106,"BLK 6","CTA","No","female","other","yes","hispanic","y",4,5,5,1,2,4,2,5,3,4,1,1,NA,5,5,5,3,5,3,5,5,4,5,3,5,2,5,4,5,4,3.5,5,5,5,5,4,5,5,NA,NA,NA,NA,NA,NA,NA,NA,NA,NA,NA,NA,NA,NA,NA,NA,NA,NA,NA,3,4,NA,4.583333333,3.666666667,4.666666667
"73",108,108,"BLK 8","CTA","No","female","white","no","white","n",5,5,3,5,3,4,5,2,5,4,5,5,5,2,3,5,4,5,5,5,5,4,5,3,5,5,2,5,4,4,5,4,5,5,5,1,2,4,NA,NA,NA,NA,NA,NA,NA,NA,NA,NA,NA,NA,NA,NA,NA,NA,NA,NA,NA,4.166666667,4.333333333,4.166666667,4.833333333,4.666666667,2.333333333
"74",109,109,"BLK 9","CTA","No","female","white","no","white","n",4,4,3,4,3,5,3,5,4,3,3,5,3,5,4,4,3,3,3,4,5,3,5,3,4,5,5,5,3,2,4.5,4,5,4,5,3,3,3,NA,NA,NA,NA,NA,NA,NA,NA,NA,NA,NA,NA,NA,NA,NA,NA,NA,NA,NA,3.333333333,3.833333333,4.166666667,4.583333333,3,3
"75",110,110,"Byd1","CTA","No","female","white","no","white","n",3,5,1,3,1,5,1,4,4,3,1,2,1,5,3,4,4,4,5,4,5,1,3,2,4,3,2,3,3,2,4,1,3,2,4,4,5,4,NA,NA,NA,NA,NA,NA,NA,NA,NA,NA,NA,NA,NA,NA,NA,NA,NA,NA,NA,2,2.666666667,3.166666667,2.833333333,4.333333333,4.333333333
"76",113,113,"Byd12","CTA","No","female","white","no","white","n",5,5,4,5,4,5,5,5,5,3,4,5,5,5,5,4,5,5,5,5,5,4,5,4,5,5,5,5,3,4,4,5,5,4,5,4,4,4,NA,NA,NA,NA,NA,NA,NA,NA,NA,NA,NA,NA,NA,NA,NA,NA,NA,NA,NA,4.333333333,4.333333333,4.833333333,4.666666667,5,4
"77",115,115,"Byd14","CTA","No","female","white","no","white","n",4,5,3,4,2,5,5,5,4,3,5,4,3,4,4,3,1,5,5,4,4,2,3,3,5,5,4,4,3,4,4,3,5,4,3,3,5,5,NA,NA,NA,NA,NA,NA,NA,NA,NA,NA,NA,NA,NA,NA,NA,NA,NA,NA,NA,3.5,3.333333333,3.666666667,3.833333333,3.666666667,4.333333333
"78",118,118,"Byd17","CTA","No","female","other","yes","hispanic","y",4,5,4,4,5,5,4,5,5,3,4,5,4,5,4,4,4,4,4,4,4,4,4,4,5,5,4,4,3,3,4,4,5,4,4,4,4,4,NA,NA,NA,NA,NA,NA,NA,NA,NA,NA,NA,NA,NA,NA,NA,NA,NA,NA,NA,4,4,4.5,4.166666667,4,4
"79",119,119,"Byd18","CTA","No","male","white","decline to state","white","n",4,4,4,3,3,4,3,2,2.5,2,2,3,3,4,3,4,3.5,4,3.5,4,4,2,3.5,2,4,4,1,2,3,2.5,3,4,3.5,3,3,4,4,4,NA,NA,NA,NA,NA,NA,NA,NA,NA,NA,NA,NA,NA,NA,NA,NA,NA,NA,NA,3.166666667,3.083333333,3.25,3.083333333,3.666666667,4
"80",122,122,"Byd4","CTA","No","male","white/other","no","white","n",5,4,4,5,3,4,5,4,4,3,4,4,3,3,3,2,5,5,5,5,5,4,5,3,5,5,4,5,3,4,5,5,5,4,4,5,5,5,NA,NA,NA,NA,NA,NA,NA,NA,NA,NA,NA,NA,NA,NA,NA,NA,NA,NA,NA,4.166666667,4.166666667,3.166666667,4.666666667,5,5
"81",123,123,"Byd5","CTA","No","male","other","yes","hispanic","y",4,5,1,5,2,3,4,NA,2,2,4,2,3,2,4,2,3,4,4,4,5,1,2,2,3,3,1,1,1,4,2,1,4,2,2,2,5,4,NA,NA,NA,NA,NA,NA,NA,NA,NA,NA,NA,NA,NA,NA,NA,NA,NA,NA,NA,3,2.166666667,2.5,2,3.666666667,3.666666667
"82",125,125,"Byd7","CTA","No","female","white","yes","hispanic","y",4,4,3,4,3,4,2,5,4,3,3,5,2,5,4,3,5,5,5,4,4,3,5,3,5,3,4,3,4,2,4,3,4,4,3,4,4,4,NA,NA,NA,NA,NA,NA,NA,NA,NA,NA,NA,NA,NA,NA,NA,NA,NA,NA,NA,3.166666667,3.666666667,3.833333333,3.5,5,4
"83",128,128,"H1-1","Hartford","Yes","male","decline to state","yes","hispanic","y",5,3,5,3,4,3,2,4,2,5,2,4,4,5,4,4,3,5,4,5,5,3,3,4,4,4,NA,4,4,2,4,3,4,4,3,5,5,4,5,3,2,1,1,4,4,4,2,1,1,3,2,5,4,2,5,5,5,4,3.833333333,3.833333333,3.666666667,4,4.666666667
"84",129,129,"H1-10","Hartford","Yes","female","other","yes","hispanic","y",5,5,3,5,5,5,5,1,1,5,1,5,5,5,5,1,5,3,3,5,5,1,5,5,1,5,1,1,3,1,1,1,1,5,5,5,1,1,5,5,1,5,1,1,3,1,3,1,3,1,2,3,2,3,3,5,5,4.666666667,4,3.666666667,2.333333333,3.666666667,2.333333333
"85",130,130,"H1-11","Hartford","Yes","male","other","yes","hispanic","y",4,4,4,5,4,4,5,5,4,1,5,4,4,4,4,4,4,4,4,4,5,4,5,5,5,5,5,4,2,2,1,4,4,4,4,4,4,4,4,4,4,3,3,3,3,5,3,3,4,3,3,3,3,3,3,3,3,3.833333333,4.166666667,4,3.5,4,4
"86",132,132,"H1-2","Hartford","Yes","female","other","yes","hispanic","y",3,3,2,3,2,3,3,3,3,3,3,2,3,4,3,3,3,3,3,3,3,3,3,2,3,3,3,3,3,3,4,3,3,3,3,4,3,4,3,3,3,3,2,3,2,4,3,3,3,4,2,4,4,4,4,4,4,2.666666667,2.833333333,3,3.166666667,3,3.666666667
"87",133,133,"H1-3","Hartford","Yes","female","other","yes","hispanic","y",4,5,5,5,4,5,5,1,1,5,3,4,5,5,5,5,4,5,4,5,5,5,5,5,5,5,1,3,4,3,5,5,5,5,5,5,5,5,2,3,5,4,3,4,1,5,4,3,2,4,3,4,3,2,5,3,4,4.666666667,4.833333333,4.166666667,4.666666667,4.333333333,5
"88",134,134,"H1-4","Hartford","Yes","female","other","yes","hispanic","y",5,3,5,5,4,5,5,3,3,5,3,3,2,5,4,2,4,3,5,5,3,3,5,5,3,5,3,3,4,3,2,2,5,3,1,5,3,3,NA,NA,NA,NA,NA,NA,NA,NA,NA,NA,NA,NA,NA,NA,NA,NA,NA,NA,NA,4.833333333,4.5,3.166666667,2.666666667,4,3.666666667
"89",135,135,"H1-5","Hartford","Yes","female","decline to state","yes","hispanic","y",4,4,3,4,3,4,3,4,2,3,3,2,1,3,2,3,3,4,3,4,4,3,4,3,4,3,4,2,3,2,3,1,3,2,2,4,5,4,5,5,3,4,3,4,4,4,3,3,3,4,1,3,2,2,5,5,5,3.333333333,3.333333333,2.166666667,2.166666667,3.333333333,4.333333333
"90",136,136,"H1-6","Hartford","Yes","male","other","yes","hispanic","y",4,5,5,5,4,5,4,5,4,3,3,3,4,4,3,4,4,5,5,4,5,5,5,5,4,5,5,4,3,5,4,3,4,3,3,5,5,5,5,4,5,4,3,3,1,5,4,3,NA,2,3,5,3,5,NA,NA,3,4.166666667,4.5,3.666666667,3.5,4.666666667,5
"91",137,137,"H1-7","Hartford","Yes","female","other","yes","hispanic","y",3,2,1,3,2,4,2,5,4,2,4,4,4,4,4,3,4,3,4,4,2,1,4,2,NA,4,5,4,2,4,4,3,4,4,3,2,4,4,2,2,1,2,2,4,5,5,3,1,3,4,2,4,2,2,2,2,3,2.166666667,2.833333333,3.833333333,3.666666667,3.666666667,3.333333333
"92",138,138,"H1-8","Hartford","Yes","male","white","no","white","n",5,5,3,4,3,4,5,5,5,4,5,5,4,5,5,5,5,5,5,5,5,3,5,1,5,5,5,5,5,5,5,5,5,5,5,5,5,5,NA,NA,NA,NA,NA,NA,NA,NA,NA,NA,NA,NA,NA,NA,NA,NA,NA,NA,NA,4,4,4.833333333,5,5,5
"93",139,139,"H1-9","Hartford","Yes","male","other","yes","hispanic","y",5,4,5,5,5,5,4,3,5,5,3,5,4,3,3,3,4,3,5,5,5,5,5,5,3,5,4,4,4,2,4,3,2,4,4,4,2,4,5,5,5,5,4,4,3,2,5,5,1,5,4,5,5,5,5,5,5,4.833333333,4.833333333,3.833333333,3.5,4,3.333333333
"94",140,140,"H2-1","Hartford","Yes","male","white","yes","hispanic","y",4,4,4,4,2,4,5,4,4,1,4,3,3,4,3,2,3,4,3,5,4,4,4,3,4,5,4,4,3,4,3,3,4,3,3,4,4,3,5,5,4,5,2,5,5,5,5,3,4,4,3,4,4,2,4,4,4,3.333333333,4,3.166666667,3.333333333,3.333333333,3.666666667
"95",143,143,"H2-4","Hartford","Yes","female","decline to state","yes","hispanic","y",4,4,2,4,3,4,4,5,4,4,3,4,3,4,3,3,4,4,4,5,4,2,5,4,4,4,5,4,2,4,4,2,4,4,2,4,5,4,5,5,1,4,4,3,4,5,4,4,5,2,3,4,4,2,5,5,5,3.5,3.666666667,3.5,3.333333333,4,4.333333333
"96",144,144,"H2-5","Hartford","Yes","male","white","yes","hispanic","y",5,5,5,5,5,5,2,4,5,4,2,4,5,4,4,5,4,5,4,5,5,4,5,5,5,2,5,5,4,5,5,4,5,4,4,4,5,5,5,5,3,5,4,4,4,4,4,2,4,3,4,4,4,3,5,4,4,4.333333333,4.166666667,4.5,4.5,4.333333333,4.666666667
"97",145,145,"H2-6","Hartford","Yes","female","decline to state","yes","hispanic","y",5,5,4,4,4,4,1,4,2,5,1,5,4,5,3,4,5,5,5,5,5,4,5,5,5,1,4,4,5,4,4,5,5,4,4,5,5,5,5,5,5,5,5,5,4,4,4,5,2,4,5,4,4,4,5,5,5,3.833333333,4.166666667,3.833333333,4.333333333,5,5
"98",147,147,"H2-8","Hartford","Yes","female","other","yes","hispanic","y",5,5,5,5,5,5,5,5,5,1,5,5,5,5,5,5,5,5,5,5,5,5,5,5,5,5,5,5,1,5,5,1,1,5,5,5,5,5,NA,NA,NA,NA,NA,NA,NA,NA,NA,NA,NA,NA,NA,NA,NA,NA,NA,NA,NA,4.333333333,4.333333333,5,3.666666667,5,5
"99",148,148,"H2-9","Hartford","Yes","female","decline to state","yes","hispanic","y",4,5,2,5,5,4,5,2,4,3,1,3,5,5,1,1,5,5,5,1,4,3,1,1,1,5,1,5,1,5,1,1,1,1,1,1,1,1,4,4,4,4,4,4,2,4,4,4,2,4,4,4,4,4,4,4,4,4,2,3.166666667,1.666666667,5,1
"100",149,149,"H3-1","Hartford","Yes","male","other","yes","hispanic","y",4,5,3,5,3,5,5,4,4,3,3,2,3,4,3,3,5,4,5,5,5,5,5,4,5,5,4,3,4,3,3,4,4,3,3,4,5,4,5,3,3,4,2,5,4,3,3,2,2,3,3,4,3,3,2,3,3,3.833333333,4.666666667,3.166666667,3.333333333,4.666666667,4.333333333
"101",150,150,"H3-2","Hartford","Yes","female","other","yes","hispanic","y",5,5,4,5,5,5,5,4,4,4,3,4,4,5,4,4,5,4,5,5,5,4,5,5,5,5,4,4,4,4,3,4,4,4,5,4,4,4,4,3,4,3,2,4,4,5,3,1,4,3,2,4,3,3,3,2,3,4.666666667,4.666666667,4.166666667,4,4.666666667,4
"102",151,151,"H3-3","Hartford","Yes","male","other","yes","hispanic","y",3,4,2,3,2,4,4,4,2,1,2,4,2,4,3,3,4,4,4,4,5,2,2,2,3,3,3,2,2,2,2,1,4,3,2,4,4,3,3,4,2,4,1,5,2,5,3,1,2,4,3,5,3,4,3,4,3,2.5,2.5,3,2.333333333,4,3.666666667
"103",153,153,"H3-5","Hartford","Yes","female","other","yes","hispanic","y",5,5,4,5,5,5,5,4,4,5,3,4,4,5,4,4,5,4,5,5,5,4,5,5,5,5,4,4,5,2,3,4,5,4,5,5,5,5,5,5,4,5,5,5,5,5,5,5,3,4,4,3,5,5,4,4,5,4.833333333,4.833333333,4.166666667,4.166666667,4.666666667,5
"104",154,154,"H3-6","Hartford","Yes","female","other","yes","hispanic","y",5,5,5,5,3,5,5,4,4,3,4,4,4,4,5,4,4,4,4,4,4,4,4,2,4,4,4,5,2.5,3,4,4,4,4,4,4,4,4,4,5,4,4,4,5,5,4,4,2,2,4,5,5,4,4,5,5,4,4.333333333,3.416666667,4.166666667,4.166666667,4,4
"105",155,155,"H3-7","Hartford","Yes","female","other","yes","hispanic","y",4,5,2,5,3,5,5,4,4,3,5,4,5,5,4,5,5,5,5,5,4,3,5,1,5,5,4,5,2,5,4,5,5,5,5,5,5,5,5,5,4,5,3,5,4,5,4,3,3,3,5,5,5,5,5,5,5,3.666666667,3.5,4.5,4.833333333,5,5
"106",156,156,"H4-1","Hartford","Yes","female","white","yes","hispanic","y",5,5,5,5,5,5,5,2,5,5,1,1,2,1,5,2,5,5,5,5,5,4,5,5,5,5,2,5,5,1,1,2,5,5,5,5,5,5,NA,NA,NA,NA,NA,NA,NA,NA,NA,NA,NA,NA,NA,NA,NA,NA,NA,NA,NA,5,4.833333333,2.666666667,3.833333333,5,5
"107",157,157,"H4-10","Hartford","Yes","male","decline to state","yes","hispanic","y",4,5,1,4,2,5,2,4,4,2,2,1,4,3,3,4,4,5,4,4,5,1,4,3,4,5,4,4,2,2,3,2,2,1,5,5,4,2,3,4,2,2,1,3,3,4,4,3,5,3,3,4,3,4,3,3,2,2.5,3.166666667,3.166666667,2.833333333,4.333333333,3.666666667
"108",158,158,"H4-11","Hartford","Yes","female","other","yes","hispanic","y",5,5,5,5,4,5,5,5,5,5,2,4,4,4,4,5,5,5,4,5,5,4,5,3,5,5,5,4,4,4,4,3,4,3,4,5,5,5,4,5,3,4,1,4,3,5,4,1,1,4,5,4,5,4,4,3,5,4.833333333,4.333333333,4.333333333,3.666666667,4.666666667,5
"109",159,159,"H4-12","Hartford","Yes","female","other","yes","hispanic","y",5,5,4,5,5,5,5,5,5,5,NA,4,5,5,5,3,5,5,5,5,4,5,5,4,5,4,5,5,3,NA,4,5,5,4,5,5,5,5,NA,NA,NA,NA,NA,NA,NA,NA,NA,NA,NA,NA,NA,NA,NA,NA,NA,NA,NA,4.833333333,4.333333333,4.5,4.666666667,5,5
"110",160,160,"H4-13 ","Hartford","Yes","female","other","yes","hispanic","y",5,5,4,5,5,5,5,5,5,4,5,5,5,5,5,5,5,4,5,5,5,5,5,5,5,5,5,4,4,2,5,5,5,5,5,5,5,5,NA,NA,NA,NA,NA,NA,NA,NA,NA,NA,NA,NA,NA,NA,NA,NA,NA,NA,NA,4.666666667,4.833333333,5,4.833333333,4.666666667,5
"111",161,161,"H4-14","Hartford","Yes","female","decline to state","yes","hispanic","y",5,5,5,5,5,5,5,4,5,5,5,5,5,5,5,5,5,5,5,5,5,5,5,5,5,5,4,5,5,5,5,4,5,5,5,5,5,5,1,4,1,1,1,1,4,2,1,2,4,1,2,2,2,1,1,1,1,5,5,5,4.833333333,5,5
"112",164,164,"H4-17","Hartford","Yes","female","decline to state","yes","hispanic","y",5,5,1,5,5,1,5,5,4,4,1,5,1,5,1,1,3.5,5,5,5,5,1,5,5,1,5,5,5,3,1,1,1,5,1,5,5,1,1,1,5,1,1,1,1,1,5,3,1,1,5,5,1,5,5,5,5,5,4.166666667,4,2.833333333,3,4.5,2.333333333
"113",165,165,"H4-18","Hartford","Yes","male","other","yes","hispanic","y",4,5,4,4,2,5,4,5,4,3,2,5,5,5,5,4,5,5,5,5,5,3,5,4,5,5,5,4,4,3,4,5,5,5,5,4,NA,4,4,5,3,3,2,5,2,5,5,2,2,5,5,5,5,5,5,5,5,3.5,4.333333333,4.666666667,4.666666667,5,NA
"114",166,166,"H4-2","Hartford","Yes","female","other","yes","hispanic","y",4,5,4,5,4,5,2,4,4,3,2,2,5,4,4,4,4,4,5,5,4,4,5,4,5,2,4,4,3,2,4,4,4,4,4,5,5,5,4,4,3,5,3,4,2,4,3,3,3,3,4,4,3,3,4,3,3,3.666666667,3.833333333,3.833333333,4,4.333333333,5
"115",168,168,"H4-4","Hartford","Yes","female","other","yes","hispanic","y",5,5,1,4,4,5,4,5,4,4,2,2,4,5,4,5,5,5,4,5,5,2,4,2,4,4,5,4,4,2,2,2,5,4,4,5,4,5,NA,NA,NA,NA,NA,NA,NA,NA,NA,NA,NA,NA,NA,NA,NA,NA,NA,NA,NA,3.666666667,3.5,4,3.5,4.666666667,4.666666667
"116",169,169,"H4-5","Hartford","Yes","female","decline to state","yes","hispanic","y",5,5,5,5,5,5,2.5,5,5,3.5,2.5,5,5,5,5,5,5,5,5,5,5,5,5,5,5,5,5,5,2,4,5,5,5,4,4,5,5,2,NA,NA,NA,NA,NA,NA,NA,NA,NA,NA,NA,NA,NA,NA,NA,NA,NA,NA,NA,4.333333333,4.5,5,4.666666667,5,4
"117",171,171,"H4-7","Hartford","Yes","male","decline to state","yes","hispanic","y",5,5,4,5,4,5,3,2,5,5,4,4,4,5,4,5,4,5,5,5,5,5,5,5,5,4,3,NA,2,4,5,5,3,5,4,5,5,5,5,4,5,5,3,5,5,2,5,5,5,5,5,3,5,5,5,4,4,4.333333333,4.333333333,4.5,NA,4.666666667,5
"118",173,173,"H4-9","Hartford","Yes","female","decline to state","yes","hispanic","y",5,5,5,5,5,5,5,5,5,5,5,5,5,5,5,5,5,5,5,5,5,5,5,5,5,5,5,5,5,1,5,5,5,5,5,5,5,5,5,5,1,1,1,NA,5,4,5,1,4,5,5,5,5,5,5,5,5,5,5,5,5,5,5
"119",174,174,"H5-1","Hartford","Yes","female","other","yes","hispanic","y",5,4,4,5,3,4,5,5,4,2,4,3,4,5,4,3,4,3,3,4,4,5,5,2,5,5,5,4,2,3,4,4,5,3,3,4,4,4,4,5,3,4,2,4,5,5,3,1,4,3,3,5,4,4,4,4,4,4,3.833333333,3.833333333,3.833333333,3.333333333,4
"120",175,175,"H5-10","Hartford","Yes","female","other","yes","hispanic","y",4,5,4,5,5,5,5,5,5,4,3,5,4,5,5,5,4,4,4,5,5,4,5,5,5,5,5,5,3,3,5,5,5,5,5,5,5,5,5,5,5,5,5,5,5,5,5,5,4,5,5,5,5,5,5,5,5,4.5,4.5,4.833333333,5,4,5
"121",176,176,"H5-11","Hartford","Yes","female","other","yes","hispanic","y",5,5,5,5,3,5,5,5,5,3,5,4,4,5,4,4,2,3,3,5,5,3,5,3,5,5,5,5,3,5,4,5,4,5,3,3,3,3,5,5,4,5,2,5,5,5,4,1,4,5,5,5,4,5,5,5,5,4.333333333,4,4.333333333,4.333333333,2.666666667,3
"122",177,177,"H5-12","Hartford","Yes","male","white","no","white","n",5,4,1,4,3,4,5,5,5,2,4,3,2,3,2,5,3,3,3,5,3,1,4,1,4,5,5,5,1,4,4,3,3,1,4,3,3,3,4,3,1,4,3,5,5,5,4,3,5,3,3,3,2,3,3,3,3,3.333333333,2.833333333,3.333333333,3.333333333,3,3
"123",179,179,"H5-14","Hartford","Yes","female","white","no","white","n",5,5,3,5,5,5,5,5,5,4,5,2,3,3,4,5,4,4,5,5,5,3,4,3,4,5,5,4,3,4,3,3,4,3,4,4,4,4,3,5,2,3,2,3,2,5,3,2,4,4,3,4,4,3,4,4,4,4.5,3.833333333,3.666666667,3.5,4.333333333,4
"124",180,180,"H5-15","Hartford","Yes","female","other","yes","hispanic","y",5,5,3,5,4,5,5,5,5,3,4,4,4,5,5,5,4,4,5,5,5,4,5,5,5,5,5,5,3,5,5,4,5,4,5,4,4,4,5,5,4,5,5,5,5,5,5,3,4,5,4,5,4,5,5,5,5,4.166666667,4.5,4.666666667,4.666666667,4.333333333,4
"125",181,181,"H5-16","Hartford","Yes","male","other","yes","hispanic","y",5,4,3,5,5,4,4,5,4,2,4,3,2,3,2,5,4,3,3,4,5,2,5,5,5,5,5,3,1,3,4,3,3,3,5,4,4,4,4,4,3,4,4,4,4,4,3,2,2,3,3,4,3,3,4,4,4,4,3.666666667,3.166666667,3.5,3.333333333,4
"126",182,182,"H5-17","Hartford","Yes","male","decline to state","yes","hispanic","y",5,4,3,5,5,4,3,4,5,2,2,2,4,3,4,5,3,4,4,5,5,3,5,4,5,5,4,5,4,4,4,5,5,5,4,4,4,4,4,3,4,5,3,3,5,4,4,2,4,3,3,2,3,3,4,4,4,3.833333333,4.333333333,3.833333333,4.666666667,3.666666667,4
"127",183,183,"H5-18","Hartford","Yes","male","other","yes","hispanic","y",5,5,4,5,5,5,5,2,5,3,5,5,5,4,4,5,2,4,4,5,5,4,5,5,5,5,4,5,4,5,4,5,4,5,5,5,5,5,5,3,4,4,5,4,4,2,4,3,4,4,3,3,2,5,5,4,3,4.5,4.666666667,4.666666667,4.666666667,3.333333333,5
"128",184,184,"H5-19","Hartford","Yes","female","other","yes","hispanic","y",5,5,3,5,2,4,5,5,3,4,3,2,5,5,3,5,4,5,3,5,5,3,5,3,4,5,5,3,3,4,5,5,4,3,4,3,5,3,5,5,4,5,3,5,5,4,4,5,3,5,4,3,5,3,5,5,5,4,4,3.833333333,4,4,3.666666667
"129",185,185,"H5-2","Hartford","Yes","male","white","no","white","n",5,5,3,5,5,5,3,5,5,4,5,5,5,5,5,5,3,5,3,5,5,5,5,5,5,5,5,5,5,5,5,5,5,5,5,5,5,5,NA,NA,NA,NA,NA,NA,NA,NA,NA,NA,NA,NA,NA,NA,NA,NA,NA,NA,NA,4.166666667,5,5,5,3.666666667,5
"130",187,187,"H5-3","Hartford","Yes","male","white","decline to state","white","n",5,4,4,5,4,5,5,4,4,4,3,2,4,4,3,4,2,3,2,5,3,3,5,5,5,5,3,3,5,2,4,3,4,3,3,4,3,4,4,5,3,4,4,5,5,4,4,3,5,2,5,5,4,4,4,5,5,4.5,4.666666667,3.5,3.333333333,2.333333333,3.666666667
"131",188,188,"H5-4","Hartford","Yes","female","white","no","white","n",3,5,2,3,1,4,3,5,4,2,1,1,5,5,5,4,2,3,4,3,4,1,3,1,5,3,5,2,1,3,2,4,5,5,2,2,3,3,3,4,2,3,1,5,3,5,4,2,3,4,5,5,4,3,2,3,2,2.333333333,2,4,3.333333333,3,2.666666667
"132",191,191,"H5-7","Hartford","Yes","male","decline to state","yes","hispanic","y",5,5,3,5,3,5,5,5,5,3,2,1,5,5,4,3,2,5,4,3,1,4,1,5,1,1,4,3,2,5,4,3,3,2,1,4,5,4,4,5,1,5,2,3,3,5,5,1,3,3,1,4,2,1,3,2,4,4,2.666666667,3.833333333,2.666666667,3.666666667,4.333333333
"133",192,192,"H5-8","Hartford","Yes","male","other","yes","hispanic","y",4,4,2,5,2,5,1,5,3,1,3,1,1,4,3,2,4,4,4,4,4,2,4,2,4,1,5,3,1,3,1,5,4,3,3,4,4,4,3,4,2,3,2,5,1,5,3,1,2,3,4,5,3,3,4,4,4,2.5,2.333333333,2.333333333,3.166666667,4,4
"134",193,193,"H5-9","Hartford","Yes","male","other ","yes","hispanic","y",5,4,4,5,3,5,5,5,5,2,5,4,3,4,4,4,5,5,5,5,4,4,5,2,3,4,5,4,3,4,4,4,5,4,4,5,5,5,5,4,4,5,4,5,5,5,5,4,5,4,4,5,5,5,5,5,5,4,3.833333333,4,4.166666667,5,5
"135",194,194,"HUL1","Hull","No","male","white","no","white","n",4,5,4,3,4,5,5,5,4,3,5,4,5,5,5,4,3,5,3,4,5,4,4,4,5,5,5,4,3,4,4,5,5,5,4,4,4,4,5,5,3,4,4,4,5,5,4,3,3,4,4,4,3,3,4,4,3,3.833333333,4,4.5,4.5,3.666666667,4
"136",195,195,"HUL10","Hull","No","female","white","no","white","n",4,4,5,3,4,5,3,5,4,2,3,3,2,5,3,2,3,5,5,5,5,5,5,5,4,5,5,5,4,5,3,4,5,4,5,4,5,5,NA,NA,NA,NA,NA,NA,NA,NA,NA,NA,NA,NA,NA,NA,NA,NA,NA,NA,NA,3.5,4.833333333,3.166666667,4.333333333,4.333333333,4.666666667
"137",197,197,"HUL12","Hull","No","male","white","no","white","n",4,5,2,5,3,4,4,5,4,1,3,2,4,5,3,4,4,3,5,5,5,2,5,3,4,5,5,4,1,3,4,4,2,5,4,4,3,5,5,4,1,4,4,4,3,5,4,1,4,4,1,4,2,5,4,5,4,3.166666667,3.5,3.666666667,3.833333333,4,4
"138",198,198,"HUL13","Hull","No","male","white","no","white","n",3,4,1,3,1,4,2,4,2,1,2,4,3,5,2,1,1,5,5,4,3,1,4,1,4,1,4,3,1,3,5,1,3,2,4,4,4,4,4,2,1,2,1,5,1,4,2,1,2,3,4,4,5,3,4,3,5,1.833333333,2,2.833333333,3,3.666666667,4
"139",199,199,"HUL14","Hull","No","female","white","no","white","n",3,5,2,2,1,5,4,5,4,2,3,3,4,5,2,2,4,5,3,5,5,2,3,1,5,5,5,4,3,2,3,3,5,1,3,4,5,5,3,4,2,2,2,5,5,5,2,2,2,4,3,4,2,3,4,4,4,2.333333333,3.166666667,3.333333333,3.166666667,4,4.666666667
"140",200,200,"HUL15","Hull","No","male","white","no","white","n",4,5,4,5,4,5,5,5,4,5,5,1,5,5,5,4,3,5,4,5,5,4,4,4,4,5,5,4,3,2,2,5,4,3,2,5,5,5,5,4,3,5,3,4,4,5,3,4,4,4,5,3,4,5,2,4,3,4.5,4.166666667,4,3.333333333,4,5
"141",202,202,"HUL17","Hull","No","male","white","no","white","n",5,4,5,5,5,4,4,5,4,5,NA,4,5,5,4,5,4,4,5,5,4,5,5,2,5,5,4,5,4,4,4,4,5,4,5,5,4,5,NA,NA,NA,NA,NA,NA,NA,NA,NA,NA,NA,NA,NA,NA,NA,NA,NA,NA,NA,4.833333333,4.333333333,4.5,4.5,4.333333333,4.666666667
"142",203,203,"HUL18","Hull","No","male","other","yes","hispanic","y",5,4,4,4,4,5,5,5,5,2,3,4,2,5,4,2,3,5,5,5,4,5,5,5,5,5,5,4,2,4,4,4,4,4,4,4,5,3,5,4,3,5,4,5,5,5,4,3,4,4,3,4,4,5,3,4,4,4,4.5,3.666666667,4,4.333333333,4
"143",204,204,"HUL19","Hull","No","male","white","no","white","n",5,5,5,4,5,5,2,4,5,5,NA,4,4,4,4,4,5,5,5,5,4,5,4,4,5,5,4,4,5,3,2,4,4,4,2,5,5,5,4,4,4,4,3,5,5,4,4,2,2,3,4,4,3,4,4,5,5,4.333333333,4.666666667,4.166666667,3.333333333,5,5
"144",205,205,"HUL20","Hull","No","female","other","yes","hispanic","y",5,5,4,5,4,4,5,4,4,4,4,3,4,3,3,4,5,5,5,5,5,4,4,4,5,5,4,4,4,4,3,5,3,4,4,5,5,5,4,4,5,4,3,5,4,4,4,4,3,4,4,4,3,4,5,5,4,4.5,4.333333333,3.5,3.833333333,5,5
"145",206,206,"HUL21","Hull","No","female","other","yes","hispanic","y",4,5,4,4,3,5,5,5,4,2,3,3,2,5,3,2,3,5,5,4,4,3,5,3,5,5,4,4,3,4,3,4,4,3,3,5,5,3,5,4,3,5,4,4,5,4,4,5,3,3,4,5,4,3,4,5,5,3.666666667,3.833333333,3.166666667,3.5,4.333333333,4.333333333
"146",207,207,"HUL22","Hull","No","female","white","no","white","n",4,5,5,4,4,5,5,5,4,5,2,4,5,5,4,5,5,5,5,5,5,4,5,5,5,5,5,4,5,2,4,4,5,5,4,5,5,5,NA,NA,NA,NA,NA,NA,NA,NA,NA,NA,NA,NA,NA,NA,NA,NA,NA,NA,NA,4.5,4.833333333,4.5,4.333333333,5,5
"147",208,208,"HUL23","Hull","No","male","white","no","white","n",5,4,4,4,5,4,5,5,4,3,3,4,3,4,4,4,5,5,5,5,5,4,5,5,5,5,4,4,4,3,4,4,5,4,5,5,5,4,5,4,4,4,4,5,5,4,5,3,3,4,5,4,4,4,4,5,4,4.333333333,4.666666667,3.833333333,4.333333333,5,4.666666667
"148",209,209,"HUL24","Hull","No","male","white","no","white","n",5,5,5,4,4,5,5,3,5,5,3,4,5,3,4,4,4,5,5,5,5,5,4,5,5,5,3,4,4,2,5,3,4,4,3,4,5,4,4,4,5,4,4,5,5,4,4,3,3,5,3,4,3,3,5,5,4,4.666666667,4.666666667,4.166666667,3.833333333,4.666666667,4.333333333
"149",210,210,"HUL25","Hull","No","male","white","no","white","n",5,3,3,5,3,5,5,5,4,4,2,4,3,3,3,2,4,5,4,5,5,5,5,3,5,5,5,5,5,1,4,3,5,5,3,5,5,5,NA,NA,NA,NA,NA,NA,NA,NA,NA,NA,NA,NA,NA,NA,NA,NA,NA,NA,NA,4.166666667,4.666666667,3.166666667,4.166666667,4.333333333,5
"150",212,212,"HUL27","Hull","No","male","white","no","white","n",4,5,2,4,2,5,3,4,5,2,2,5,3,5,3,5,4,5,5,5,5,5,4,3,5,4,5,4,3,1,5,2,5,4,2,5,5,5,4,5,2,3,4,5,3,4,4,2,2,5,5,5,4,3,3,4,3,2.833333333,4,4.333333333,3.666666667,4.666666667,5
"151",213,213,"HUL28","Hull","No","male","white","no","white","n",5,5,3,5,3,5,5,4,4,2,3,4,4,4,2,5,2,5,4,5,5,5,5,5,5,5,5,5,3,5,4,4,5,4,5,5,5,5,5,5,5,2,2,4,5,5,5,2,5,5,5,5,5,4,4,5,2,3.833333333,4.666666667,3.833333333,4.5,3.666666667,5
"152",215,215,"HUL3","Hull","No","female","white","decline to state","white","n",4,4,5,2,4,5,2,5,5,2,4,3,2,4,2,1,5,4,4,5,5,5,5,5,5,5,5,5,4,3,5,2,5,4,2,5,5,5,NA,NA,NA,NA,NA,NA,NA,NA,NA,NA,NA,NA,NA,NA,NA,NA,NA,NA,NA,3.166666667,4.833333333,2.833333333,3.833333333,4.333333333,5
"153",216,216,"HUL30","Hull","No","male","white/other","no","white","n",5,5,5,5,5,5,5,5,5,5,1,4,5,4,5,5,5,5,5,5,5,5,5,5,5,5,5,5,5,1,4,5,4,5,5,5,5,5,5,5,4,5,4,5,2,5,4,1,2,5,4,1,3,4,1,3,4,5,5,4.666666667,4.666666667,5,5
"154",217,217,"HUL31","Hull","No","male","white","no","white","n",4,5,4,4,4,5,5,5,4,3,4,3,4,5,4,4,4,5,4,5,5,4,4,4,5,5,5,4,4,2,4,4,5,4,4,5,5,5,5,5,4,5,4,5,5,5,5,2,4,4,5,5,4,4,4,5,5,4,4.333333333,4,4.166666667,4.333333333,5
"155",218,218,"HUL32","Hull","No","male","white","no","white","n",4,4,4,4,2,4,2,4,4,2,1,2,3,4,3,2,4,4,5,4,4,4,4,1,4,4,5,4,1,2,2,3,4,4,4,4,4,2,5,4,2,2,2,4,4,5,4,2,2,2,2,4,4,4,4,5,4,3,3,3,3.5,4.333333333,3.333333333
"156",219,219,"HUL33","Hull","No","female","white","no","white","n",5,5,5,5,4,5,5,5,5,2,2,1,2,5,4,1,5,4,4,5,5,1,5,2,4,5,5,5,2,5,1,1,4,4,1,2,5,2,4,4,5,4,4,4,4,4,4,4,3,4,3,4,3,4,5,5,5,4.333333333,3.333333333,3,2.666666667,4.333333333,3
"157",221,221,"HUL35","Hull","No","male","white","no","white","n",5,5,4,4,3,5,5,5,4,2,4,1,3,5,3,2,5,5,5,5,5,5,5,5,3,5,5,5,4,2,3,1,5,3,3,5,5,5,5,5,4,5,5,5,5,5,4,2,4,3,3,5,3,3,3,4,3,3.833333333,4.833333333,3,3.333333333,5,5
"158",226,226,"HUL4","Hull","No","female","white","no","white","n",5,5,4,5,5,5,5,4,4,5,5,4,5,5,5,5,1,5,5,5,5,4,5,5,5,5,4,4,5,5,5,5,5,5,5,5,5,5,5,4,4,5,4,5,5,4,4,5,1,4,5,5,5,5,5,5,5,4.833333333,4.833333333,4.666666667,4.833333333,3.666666667,5
"159",227,227,"HUL40","Hull","No","female","white","no","white","n",4,5,2,3,1,5,3,5,2,1,1,4,4,2,1,1,3,3,3,4,5,1,2,2,5,5,5,2,3,1,3,3,2,3,5,5,5,5,3,5,4,1,1,5,2,5,3,1,1,3,3,4,2,3,4,5,5,2.333333333,2.833333333,2.333333333,3,3,5
"160",229,229,"HUL42","Hull","No","female","white","yes","hispanic","y",5,4,4,5,1,5,5,5,5,4,5,4,5,5,5,5,5,5,5,5,5,4,5,2,5,5,5,5,5,4,5,5,5,5,5,5,5,5,NA,NA,NA,NA,NA,NA,NA,NA,NA,NA,NA,NA,NA,NA,NA,NA,NA,NA,NA,4,4.333333333,4.833333333,5,5,5
"161",230,230,"HUL5 ","Hull","No","female","white","no","white","n",4,4,4,5,3,5,5,5,5,3,4,4,3,5,4,4,4,4,5,5,5,5,5,5,5,5,5,5,4,3,4,4,5,5,5,5,5,5,5,5,4,5,4,5,5,5,5,4,3,5,4,5,5,5,5,5,5,4,4.833333333,4.166666667,4.666666667,4.333333333,5
"162",231,231,"HUL6","Hull","No","male","decline to state","yes","hispanic","y",5,5,3,4,5,5,4,4,4,3,4,4,3,2,3,4,3,4,4,5,5,3,5,5,5,4,4,4,4,4,4,3,4,4,4,4,5,5,5,5,4,5,5,5,5,4,4,4,4,4,5,4,4,4,4,5,5,4,4.333333333,3.333333333,3.833333333,3.666666667,4.666666667
"163",235,235,"LOR-1","CTA","No","male","white","yes","hispanic","y",4,4,4,2,4,5,1,3,3,4,2,3,2,4,4,3.5,4,5,5,4,4,4,3,3,4,3.5,4,2,2,2,2,2,4,4,4,4,4,5,NA,NA,NA,NA,NA,NA,NA,NA,NA,NA,NA,NA,NA,NA,NA,NA,NA,NA,NA,3.166666667,3.25,3.25,3,4.666666667,4.333333333
"164",238,238,"LOR-12","CTA","No","female","decline to state","yes","hispanic","y",4,5,2,3,2,5,1,4,4,3,4,5,3,4,4,3,3.5,5,4,5,4,1,3,3,5,1,5,4,3,5,3,3,5,3,3,4,4,3,NA,NA,NA,NA,NA,NA,NA,NA,NA,NA,NA,NA,NA,NA,NA,NA,NA,NA,NA,2.5,2.666666667,3.833333333,3.5,4.166666667,3.666666667
"165",239,239,"LOR-13","CTA","No","female","white","decline to state","white","n",4,5,3,3,3,4,4,4,4,4,4,2,4,4,5,5,5,5,4,5,5,3,4,3,5,4,4,4,5,4,3,5,5,5,5,4,5,5,NA,NA,NA,NA,NA,NA,NA,NA,NA,NA,NA,NA,NA,NA,NA,NA,NA,NA,NA,3.5,4,4,4.5,4.666666667,4.666666667
"166",241,241,"LOR-2","CTA","No","male","white","no","white","n",4,5,3,3,3,4,4,5,4,3,3,4,3,5,3,4,3,3,3,5,4,4,4,3,4,5,5,4,3,3,3,3,5,4,4,5,4,5,NA,NA,NA,NA,NA,NA,NA,NA,NA,NA,NA,NA,NA,NA,NA,NA,NA,NA,NA,3.333333333,4,3.833333333,3.833333333,3,4.666666667
"167",242,242,"LOR-3","CTA","No","female","white","yes","hispanic","y",5,5,3,5,4,4,5,5,4,3,5,4,3,5,4,3.5,NA,1,1,5,5,4,5,5,4,5,5,5,3,5,4,4,5,4,4,5,5,5,NA,NA,NA,NA,NA,NA,NA,NA,NA,NA,NA,NA,NA,NA,NA,NA,NA,NA,NA,4.166666667,4.5,3.916666667,4.333333333,NA,5
"168",243,243,"LOR-4","CTA","No","female","white","no","white","n",5,4,5,5,4,5,4,5,5,5,4,5,4,5,4,5,4,4,5,5,5,4,5,4,5,5,5,5,5,3,5,4,4,4,5,NA,5,5,NA,NA,NA,NA,NA,NA,NA,NA,NA,NA,NA,NA,NA,NA,NA,NA,NA,NA,NA,4.666666667,4.666666667,4.666666667,4.5,4.333333333,NA
"169",245,245,"LOR-6","CTA","No","male","white","no","white","n",5,5,5,4,3,5,5,5,5,4,5,5,4,5,5,5,5,5,5,5,5,5,5,3,5,5,5,5,4,4,5,4,5,5,5,5,4,5,NA,NA,NA,NA,NA,NA,NA,NA,NA,NA,NA,NA,NA,NA,NA,NA,NA,NA,NA,4.333333333,4.5,4.833333333,4.833333333,5,4.666666667
"170",246,246,"LOR-7","CTA","No","male","white","no","white","n",4,5,4,4,4,5,2,5,4,2,4,4,4,5,5,5,4,4,4,5,5,5,4,4,5,2,5,4,2,4,4,4,5,5,3.5,5,5,5,NA,NA,NA,NA,NA,NA,NA,NA,NA,NA,NA,NA,NA,NA,NA,NA,NA,NA,NA,3.333333333,3.666666667,4.5,4.25,4,5
"171",247,247,"LOR-8","CTA","No","female","white","no","white","n",1,3,1,1,1,2,2,5,1,1,1,4,4,4,3,2,1,1,1,1,1,1,1,1,3,2,5,1,1,1,3,2,5,2,1,1,1,1,NA,NA,NA,NA,NA,NA,NA,NA,NA,NA,NA,NA,NA,NA,NA,NA,NA,NA,NA,1.166666667,1.166666667,3,2.333333333,1,1
"172",249,249,"NAV1","Navarrete ","No","female","white","no","white","n",4,5,2,5,3,4,3,4,4,2,3,5,5,4,5,4,3,5,4,4,4,2,3,2,4,3,4,4,2,3,5,4,5,3,4,4,5,5,4,4,1,2,2,2,3,4,4,2,3,4,4,5,4,4,4,5,3,3.166666667,2.666666667,4.5,4.166666667,4,4.666666667
"173",250,250,"NAV10","Navarrete ","No","male","decline to state","yes","hispanic","y",4,5,3,NA,2,5,3,4,3,4,5,1,3,3,3,4,4,5,3,5,5,2,4,3,5,1,4,4,3,2,4,3,2,4,3,5,5,5,3,4,1,2,1,3,1,4,3,1,1,3,1,2,1,2,3,2,2,NA,3,2.833333333,3.333333333,4,5
"174",251,251,"NAV100","Navarrete ","No","female","other","yes","hispanic","y",4,5,1,4,4,4,1,4,4,2,2,1,3,4,4,4,3,5,1,3,5,1,5,4,4,4,4,4,1,1,5,3,4,5,5,4,4,3,4,4,1,2,4,5,2,5,4,1,2,4,3,4,4,4,3,3,1,2.666666667,3,3.333333333,4.333333333,3,3.666666667
"175",252,252,"NAV101","Navarrete ","No","male","white","no","white","n",3,5,4,4,3,4,5,4,2,4,1,4,5,4,4,5,3,3,3,5,5,4,4,3,5,4,4,3,2,3,4,5,5,4,4,4,4,4,4,5,5,4,3,NA,4,4,4,2,3,4,5,5,5,4,4,4,4,3.833333333,3.666666667,4,4.166666667,3,4
"176",253,253,"NAV102","Navarrete ","No","male","white","no","white","n",5,5,1,3,3,5,2,5,5,4,2,5,3,5,3,4,3,2,2,4,4,5,4,5,4,2,5,4,4,2,4,4,3,4,4,5,5,4,4,4,1,4,4,4,3,4,4,1,2,4,2,4,1,2,1,1,1,3,4,4.166666667,3.833333333,2.333333333,4.666666667
"177",254,254,"NAV103","Navarrete ","No","male","white","no","white","n",4,4,2,5,3,5,5,4,4,4,4,4,3,4,3,4,1,5,3,4,4,3,3,1,5,3,4,4,1,4,4,4,4,4,2,5,4,5,4,5,5,3,2,5,3,4,4,2,2,4,5,4,4,4,1,4,3,3.833333333,2.5,3.666666667,3.666666667,3,4.666666667
"178",255,255,"NAV104","Navarrete ","No","male","white","no","white","n",5,5,5,5,5,5,5,4,5,3,1,5,4,5,4,5,5,5,5,5,5,5,4,5,5,5,4,4,5,1,5,4,5,5,5,5,5,5,5,5,5,5,2,5,4,1,3,2,1,3,2,4,3,4,4,4,5,4.666666667,4.833333333,4.666666667,4.666666667,5,5
"179",256,256,"NAV105","Navarrete ","No","female","white","no","white","n",3,5,3,3,2,2,NA,4,5,3,2,4,3,4,4,5,2,3,4,4,4,4,3,3,4,3,4,4,3,3,4,3,4,4,4,4,4,4,4,5,2,4,3,4,4,4,3,2,3,4,4,3,3,3,4,4,4,NA,3.333333333,4.166666667,3.833333333,3,4
"180",257,257,"NAV106","Navarrete ","No","female","white/other","no","white","n",4,5,3,1,1,5,5,4,4,3,4,5,4,4,3,4,4,4,4,4,5,2,2,2,4,4,5,4,2,3,4,2,4,3,4,4,4,4,3,5,4,2,4,5,2,4,4,2,4,4,4,4,4,4,5,5,4,2.833333333,2.666666667,4,3.5,4,4
"181",258,258,"NAV107","Navarrete ","No","female","white","no","white","n",4,4,3,3,2,4,2,5,3,1,2,2,3,3,3,2,3,4,3,3,4,3,3,3,4,2,4,4,2,2,4,3,3,4,3,4,4,4,4,4,2,4,1,4,2,4,4,2,2,4,5,4,4,4,5,4,5,2.5,2.666666667,2.666666667,3.5,3.333333333,4
"182",259,259,"NAV108","Navarrete ","No","male","other","yes","hispanic","y",4,5,1,5,5,4,1,3,4,5,3,3,5,4,4,5,4,5,1,5,4,4,5,5,5,5,4,5,5,4,5,4,5,5,5,5,5,1,5,5,4,5,5,5,5,4,4,4,5,4,4,5,2,4,2,5,4,3.5,4.833333333,4.166666667,4.833333333,3.333333333,3.666666667
"183",260,260,"NAV109","Navarrete ","No","female","other","yes","hispanic","y",4,5,2,3,4,4,4,4,5,2,3,4,4,4,3,4,2,5,5,4,5,1,5,4,4,4,4,3,2,3,3,4,4,3,3,3,5,5,4,3,2,5,4,4,5,4,3,2,4,4,2,4,3,4,4,4,3,3.166666667,3.333333333,4,3.333333333,4,4.333333333
"184",262,262,"NAV110","Navarrete ","No","male","white","no","white","n",4,3,4,2,2,4,5,5,4,2,5,2,5,5,5,4,3,3,2,4,3,4,1,2,4,5,5,3,2,3,4,4,4,4,4,4,4,5,4,4,5,2,3,5,4,5,4,3,3,2,5,5,4,4,3,5,5,3.166666667,3,4.166666667,3.833333333,2.666666667,4.333333333
"185",263,263,"NAV111","Navarrete ","No","female","white","decline to state","white","n",4,5,2,3,2,4,1,5,2,4,1,2,4,5,4,2,1,2,2,4,4,2,5,2,4,4,5,3,4,2,4,5,5,4,5,4,5,4,3,4,1,2,1,4,2,5,3,2,2,4,3,4,3,2,3,5,2,2.666666667,3.5,3.166666667,4.333333333,1.666666667,4.333333333
"186",264,264,"NAV112","Navarrete ","No","female","white/other","no","white","n",4,5,4,4,2,4,2,5,2,4,3,1,4,3,2,1,1,4,5,5,5,5,4,2,5,5,5,4,2,5,5,3,4,2,4,5,5,5,5,4,3,2,5,5,5,5,4,3,4,3,2,5,2,4,4.5,4,5,3.333333333,3.833333333,2.166666667,3.666666667,3.333333333,5
"187",265,265,"NAV113","Navarrete ","No","male","white","no","white","n",4,4,5,3,1,5,2,4,4,3.5,2,4,5,4,3,3,4,4,4,3,4,3,1,1,5,1,4,3,1,1,3,1,5,4,3,3,4,3,2,4,3,2,1,5,1,3,3,1,2,4,3,3,2,4,2,3,2,3.083333333,1.666666667,3.833333333,3.166666667,4,3.333333333
"188",267,267,"NAV115","Navarrete ","No","male","other","yes","hispanic","y",4,5,2,4,2,4,3,5,NA,NA,4,5,4,4,5,4,2,2,4,5,4,4,5,1,5,2,5,3,3,4,5,5,5,4,5,4,4,2,NA,NA,NA,NA,NA,NA,NA,NA,NA,NA,NA,NA,NA,NA,NA,NA,NA,NA,NA,NA,3.333333333,NA,4.5,2.666666667,3.333333333
"189",268,268,"NAV12","Navarrete ","No","male","white/other","yes","hispanic","y",4,5,4,5,1,3,5,2,4,3,5,4,2,3,1,3,4,5,3,5,4,2,5,1,4,5,4,1,5,3,2,1,1,3,3,5,5,5,5,4,5,4,3,2,5,2,1,4,4,4,2,4,1,1,4,5,4,3.666666667,3.833333333,2.833333333,1.833333333,4,5
"190",270,270,"NAV14","Navarrete ","No","male","white","no","white","n",4,4,3,5,4,4,5,3,4,2,3,3,3,3,4,4,4,3,3,5,4,4,5,4,4,5,3,4,2,4,4,2,4,3,4,4,5,4,4,4,3,5,3,NA,5,3,2,2,4,3,3,4,4,4,4,5,5,3.833333333,4.166666667,3.5,3.5,3.333333333,4.333333333
"191",271,271,"NAV15","Navarrete ","No","female","white/other","no","white","n",3,4,2,1,2,1,1,4,3,1,5,3,3,4,3,2,1,2,3,4,3,2,4,2,4,4,4,3,2,3,4,4,3,3,3,3,3,3,4,4,1,3,2,3,4,3,2,3,4,3,2,4,3,4,3,4,3,1.666666667,3,3,3.333333333,2,3
"192",272,272,"NAV16","Navarrete ","No","female","white","no","white","n",4,2,1,3,1,4,2,5,5,1,4,2,1,3,1,4,1,3,3,4,2,1,4,2,4,2,5,1,1,5,4,3,4,1,3,4,4,4,NA,NA,NA,NA,NA,NA,NA,NA,NA,NA,NA,NA,NA,NA,NA,NA,NA,NA,NA,2,2.333333333,2.666666667,2.666666667,2.333333333,4
"193",273,273,"NAV17","Navarrete ","No","female","white","yes","hispanic","y",4,5,4,5,1,4,5,5,4,2,4,4,1,4,2,1,2,4,2,4,4,5,5,2,4,5,5,3,1,2,4,1,4,2,1,4,5,5,4,5,3,4,1,4,4,5,4,3,4,4,1,4,3,1,5,4,5,3.5,3.666666667,2.666666667,2.5,2.666666667,4.666666667
"194",275,275,"NAV19","Navarrete ","No","female","white","no","white","n",5,5,5,5,4,5,5,5,5,5,5,5,5,4,5,5,2,2,5,4,5,2,3,3,5,5,5,5,4,5,4,4,2,5,5,4,4,5,5,4,4,5,5,5,5,5,5,3,5,5,4,4,4,4,4,2,5,4.833333333,3.5,4.833333333,4.166666667,3,4.333333333
"195",277,277,"NAV20","Navarrete ","No","female","white","no","white","n",4,4,4,4,3,4,4,4,4,3,4,4,3,4,3,4,3,3,3,5,4,5,5,4,5,5,5,5,4,3,4,3,4,4,4,5,5,5,4,5,4,4,3,4,3,5,3,2,2,3,4,4,4,4,3,4,4,3.666666667,4.666666667,3.666666667,4,3,5
"196",279,279,"NAV22","Navarrete ","No","male","white","no","white","n",4,4,4,5,4,3,4,3,3,2,2,2,1,4,2,3,5,3,4,4,5,3,5,4,4,4,3,4,4,3,4,4,3,2,4,4,1,1,1,4,1,3,1,5,5,3,1,1,5,5,1,3,1,1,3,1,1,3.833333333,4,2.5,3.5,4,2
"197",280,280,"NAV23","Navarrete ","No","female","white","no","white","n",5,5,5,5,5,5,5,5,5,5,5,5,3,5,3,5,5,5,5,5,4,5,5,3,5,5,5,5,3,5,5,5,5,3,5,5,5,5,5,4,3,5,3,5,3,5,5,3,3,4,4,4,4,4,3,4,4,5,4.333333333,4.333333333,4.666666667,5,5
"198",281,281,"NAV24","Navarrete ","No","female","white/other","no","white","n",4,5,5,2,4,4,3,1,4,3,5,5,5,5,5,5,5,5,5,5,5,4,5,3,5,4,5,5,1,2,5,5,5,5,5,5,5,5,5,5,1,3,1,4,4,5,5,1,4,5,4,5,5,5,5,5,5,3.5,3.666666667,4.833333333,5,5,5
"199",283,283,"NAV26","Navarrete ","No","female","white","no","white","n",4,5,3,5,3,5,5,5,4,3,4,4,4,4,4,4,4,3,5,5,5,4,5,3,5,5,4,4,2,4,5,3,4,3,5,5,5,4,4,5,3,4,3,5,4,5,4,3,5,4,4,4,4,4,5,5,5,3.833333333,4,4,4,4,4.666666667
"200",284,284,"NAV27","Navarrete ","No","male","white","no","white","n",4,2,3,3,1,3,3,4,3,2,4,3,2,4,4,3,2,4,4,4,2,4,4,2,3,3,4,4,2,4,5,4,4,4,3,4,4,3,4,3,4,4,2,4,3,4,3,2,4,3,3,3,4,4,3,4,3,2.666666667,3.166666667,3.166666667,4,3.333333333,3.666666667
"201",285,285,"NAV28","Navarrete ","No","male","white","no","white","n",1,3,1,1,1,3,1,5,2,1,4,1,2,3,4,3,1,2,3,2,3,1,2,1,3,1,5,3,1,3,2,2,2,3,3,2,1,3,1,1,1,1,1,2,1,5,2,1,3,2,3,2,5,1,1,1,1,1,1.333333333,2.5,2.5,2,2
"202",289,289,"NAV31","Navarrete ","No","female","white","no","white","n",2,3,1,2,1,3,1,5,2,1,4,5,2,4,2,3,4,4,2,3,2,3,2,1,3,1,5,3,1,3,5,2,3,3,3,3,3,3,5,5,1,1,1,1,1,5,5,1,5,5,5,5,1,5,5,3,3,1.333333333,1.833333333,3,3.166666667,3.333333333,3
"203",290,290,"NAV32","Navarrete ","No","male","white","no","white","n",4,4,3,5,1,5,5,5,4,1,3,3,3,5,3,4,4,4,5,5,4,1,5,2,5,5,5,4,3,5,3,4,5,2,3,5,5,5,4,5,3,3,1,4,3,4,4,1,3,3,4,4,3,4,3,3,3,3.166666667,3.5,3.666666667,3.5,4.333333333,5
"204",291,291,"NAV33","Navarrete ","No","female","white","yes","hispanic","y",4,4,4,4,3,5,5,5,4,1,4,3,3,4,4,4,4,4,4,3,4,5,3,1,4,1,5,4,1,5,3,3,3,3,3,4,4,4,4,5,3,4,3,5,4,5,4,3,4,5,4,4,4,4,4,4,4,3.5,2.333333333,3.666666667,3.166666667,4,4
"205",293,293,"NAV35","Navarrete ","No","male","white","no","white","n",5,5,4,5,4,5,4,3,4,3,4,3,3,3,3,3,4,5,5,5,5,4,5,4,5,4,4,4,4,4,4,3,4,4,4,5,5,5,5,5,3,5,4,5,5,5,4,4,4,3,3,4,4,4,5,5,5,4.166666667,4.333333333,3.166666667,3.833333333,4.666666667,5
"206",296,296,"NAV38","Navarrete ","No","female","white","no","white","n",2,3,1,2,1,3,1,5,2,1,2,2,2,4,2,1,3,4,2,3,2,1,2,1,3,2,5,3,1,3,5,2,3,3,3,3,3,3,NA,NA,NA,NA,NA,NA,NA,NA,NA,NA,NA,NA,NA,NA,NA,NA,NA,NA,NA,1.333333333,1.666666667,2.166666667,3.166666667,3,3
"207",297,297,"NAV39","Navarrete ","No","female","white","no","white","n",5,5,3,4,5,5,5,4,4,2,1,1,1,5,3,5,4,5,1,5,4,1,4,4,5,5,5,4,NA,5,2,4,5,5,4,5,5,4,4,5,1,2,3,4,2,5,4,2,3,4,5,5,4,4,4,5,2,4,NA,3.166666667,4,3.333333333,4.666666667
"208",302,302,"NAV43","Navarrete ","No","male","white","decline to state","white","n",2,3,1,1,1,4,1,3,4,1,2,4,4,4,2,3,1,1,1,4,5,2,4,1,4,3,3,5,2,3,4,3,3,4,1,2,4,3,3,5,1,1,1,4,1,4,3,1,2,4,4,5,2,1,1,2,2,1.166666667,2.666666667,3.5,3.333333333,1,3
"209",304,304,"NAV45","Navarrete ","No","female","white","no","white","n",5,5,4,NA,5,5,5,5,5,5,4,4,4,5,5,4,4,4,5,5,5,4,5,5,5,5,5,5,5,5,4,4,5,5,5,5,5,5,5,5,4,5,5,5,5,5,5,5,5,4,5,5,4,5,5,5,5,NA,4.833333333,4.5,4.666666667,4.333333333,5
"210",306,306,"NAV47","Navarrete ","No","female","white","yes","hispanic","y",5,5,4,4,3,5,5,5,4,3,2,4,2,4,4,5,4,5,5,5,5,4,4,3,NA,2,4,4,5,2,4,3,4,3,5,4,5,4,4,5,4,4,3,5,4,5,4,2,4,4,3,5,4,5,3,4,4,4,3.833333333,3.833333333,3.833333333,4.666666667,4.333333333
"211",307,307,"NAV48","Navarrete ","No","female","white","no","white","n",3,4,1,4,2,4,5,3,1,2,1,1,1,3,4,4,2,3,3,4,3,3,4,2,4,5,5,1,3,1,1,3,4,4,4,2,3,2,NA,NA,NA,NA,NA,NA,NA,NA,NA,NA,NA,NA,NA,NA,NA,NA,NA,NA,NA,2.833333333,3.5,2.333333333,2.833333333,2.666666667,2.333333333
"212",308,308,"NAV49","Navarrete ","No","female","white","no","white","n",5,5,4,5,1,5,5,5,2,1,2,3,4,5,3,3,3,4,4,4,5,4,4,1,5,5,4,3,1,3,4,4,5,4,4,4,5,4,4,5,3,4,3,4,5,4,4,2,3,4,4,5,4,4,4,4,3,3.5,3.166666667,3.333333333,4,3.666666667,4.333333333
"213",309,309,"NAV5","Navarrete ","No","female","other","yes","hispanic","y",5,4,3,5,2,4,2,3,5,5,5,3,3,5,3,4,4,4,4,5,4,2,5,3,4,2,3,5,4,4,4,3,5,3,4,5,5,5,4,4,2,5,3,4,4,2,3,3,3,4,3,4,3,4,3,3,4,3.666666667,3.5,3.833333333,4,4,5
"214",310,310,"NAV50","Navarrete ","No","male","white","no","white","n",4,4,4,4,3,4,5,3,4,4,2,2,3,4,4,4,4,4,4,4,4,3.5,5,3,5,5,3,4,4,2,3,4,4,4,4,4,4,4,5,4,4,5,4,4,5,4,4,4,2,3,4,4,4,4,4,4,4,4,4.083333333,3.5,3.833333333,4,4
"215",311,311,"NAV51","Navarrete ","No","male","white","no","white","n",4,2,5,5,4,4,5,5,3,4,4,4,4,2,5,5,4,4,5,5,2,4,5,4,5,5,5,1,4,4,3,4,4,5,5,5,5,5,4,3,2,4,1,4,5,5,4,3,5,1,4,5,5,5,1,5,5,4.5,4.5,3.833333333,3.666666667,4.333333333,5
"216",312,312,"NAV52","Navarrete ","No","female","white","no","white","n",5,5,4.75,5,4,5,5,5,4,5,4,4,4,4,5,4,5,5,4,5,5,4,5,5,5,5,5,5,5,5,5,5,5,5,5,5,5,5,5,5,5,5,5,5,5,5,5,4,4,5,5,5,5,5,5,5,5,4.791666667,4.833333333,4.166666667,5,4.666666667,5
"217",313,313,"NAV53","Navarrete ","No","female","white","no","white","n",5,5,4,5,5,5,5,5,5,4,2,5,5,5,5,5,4,5,5,5,5,4,5,5,5,5,5,5,4,2,4,5,5,4,5,5,5,4,5,5,4,5,5,5,5,5,5,3,1,4,5,5,5,5,4,5,4,4.666666667,4.666666667,5,4.666666667,4.666666667,4.666666667
"218",315,315,"NAV55","Navarrete ","No","female","white","no","white","n",4,4,4,4,2,5,4,4,4,2,2,3,2,2,4,5,4,5,4,5,5,4,4,2,5,4,5,4,2,2,4,4,4,5,4,5,5,5,5,5,4,4,4,5,5,5,4,2,2,4,5,5,5,5,4,5,5,3.333333333,3.5,3.333333333,4.166666667,4.333333333,5
"219",316,316,"NAV56","Navarrete ","No","female","white","no","white","n",4,3,1,3,2,4,2,5,4,2,3,4,1,4,3,2,1,3,4,4,3,2,3,2,3,2,5,4,2,4,4,2,4,3,3,3,4,2,NA,NA,NA,NA,NA,NA,NA,NA,NA,NA,NA,NA,NA,NA,NA,NA,NA,NA,NA,2.333333333,2.5,3,3.333333333,2.666666667,3
"220",317,317,"NAV57","Navarrete ","No","female","white","decline to state","white","n",5,5,1,5,4,5,5,NA,5,5,5,5,4.25,4,3,5,1,5,4,5,5,5,5,5,5,5,5,4,5,1,5,5,4,5,5,5,5,5,5,5,4,5,5,5,5,5,5,5,3,5,5,5,4,5,5,5,5,4.166666667,5,4.375,4.666666667,3.333333333,5
"221",318,318,"NAV58","Navarrete ","No","female","other","yes","hispanic","y",4,5,3,4,2,5,1,5,4,2,3,5,5,5,5,2,4,5,4,4,5,2,4,3,5,5,5,4,1,2,5,5,5,5,1,5,5,5,NA,NA,NA,NA,NA,NA,NA,NA,NA,NA,NA,NA,NA,NA,NA,NA,NA,NA,NA,2.666666667,3.166666667,4.333333333,4.166666667,4.333333333,5
"222",319,319,"NAV59","Navarrete ","No","male","white","no","white","n",4,5,3,4,2,5,4,5,4,1,3,4,5,5,4,5,3,4,2,5,5,5,4,3,5,4,5,4,1,2,4,4,4,4,5,5,4,5,5,5,2,4,2,5,5,4,4,2,2,2,4,5,4,5,4,4,4,3,3.666666667,4.5,4.166666667,3,4.666666667
"223",320,320,"NAV6","Navarrete ","No","male","other","yes","hispanic","y",4,3,2,3,1,5,2,5,5,2,5,4,4,3,4,3,3,5,3,4,3,2,3,1,5,1,5,5,3,5,5,5,5,5,5,3,5,3,NA,NA,NA,NA,NA,NA,NA,NA,NA,NA,NA,NA,NA,NA,NA,NA,NA,NA,NA,2.333333333,2.333333333,3.833333333,5,3.666666667,3.666666667
"224",321,321,"NAV60","Navarrete ","No","male","white","no","white","n",4,5,3,4,3,5,5,4,4,3,3,4,2,4,3,3,3,5,5,4,4,3,3,3,5,4,4,3,2,1,3,2,3,3,3,4,4,4,4,4,3,3,3,5,3,4,4,4,2,4,3,4,4,3,5,5,5,3.666666667,3.166666667,3.333333333,2.833333333,4.333333333,4
"225",322,322,"NAV61","Navarrete ","No","female","white","no","white","n",4,3,5,4,3,5,2,5,3,2,2,5,4,4,5,4,4,5,4,5,4,5,5,4,5,3,5,4,5,1,5,4,5,4,4,5,5,5,4,4,5,3,2,5,3,4,3,1,2,4,3,4,4,4,5,5,5,3.333333333,4.5,4.166666667,4.333333333,4.333333333,5
"226",323,323,"NAV62","Navarrete ","No","female","white","no","white","n",5,4,5,5,2,5,2,5,1,2,1,1,1,1,2,3,1,1,1,4,1,5,4,1,1,5,5,1,1,1,1,1,1,1,5,5,5,5,3,1,1,1,1,1,1,5,3,1,1,1,1,1,5,1,1,5,5,3.5,3.333333333,1.5,1.666666667,1,5
"227",324,324,"NAV63","Navarrete ","No","female","white","no","white","n",5,4,5,5,5,5,5,5,5,1,4,1,4,4,5,5,4,5,4,5,5,4,4,5,5,5,5,5,1,4,4,4,4,4,5,5,5,5,5,4,2,4,5,5,5,5,5,2,4,2,2,4,4,4,3,5,3,4.333333333,4,4,4.333333333,4.333333333,5
"228",325,325,"NAV64","Navarrete ","No","male","white","no","white","n",4,5,3,4,2,4,3,5,4,1,2,5,2,5,4,3,4,5,4,4,5,3,3,2,5,3,5,4,1,3,4,2,4,4,3,5,5,5,2,4,1,3,1,5,1,4,3,1,4,3,1,3,1,4,3,4,1,2.833333333,2.666666667,3.833333333,3.5,4.333333333,5
"229",326,326,"NAV65","Navarrete ","No","female","white","no","white","n",5,4,4,5,5,5,4,4,4,3,2,5,3,5,3,5,2,5,4,5,4,3,5,5,5,5,5,4,3,3,5,4,4,4,5,5,5,5,5,5,5,5,4,5,4,5,4,1,2,5,5,4,5,3,5,5,5,4.333333333,4.333333333,4.166666667,4.333333333,3.666666667,5
"230",327,327,"NAV66","Navarrete ","No","male","white","no","white","n",4,5,3,3,2,5,3,5,4,2,4,3,3,4,4,3,4,4,4,4,5,4,3,1,4,2,5,4,2,3,3,3,4,4,4,5,3,5,4,5,2,3,1,3,3,5,4,2,3,4,3,5,4,3,2,3,3,2.833333333,2.666666667,3.5,3.666666667,4,4.333333333
"231",328,328,"NAV67","Navarrete ","No","male","white/other","no","white","n",4,5,3,4,2,5,5,4,4,4,4,5,3,3,4,3,5,4,3,4,4,3,3,2,5,3,4,5,2,4,5,3,5,5,4,5,3,3,4,4,5,3,3,5,5,3,4,2,2,5,3,3,4,5,4,5,4,3.666666667,2.833333333,3.666666667,4.5,4,3.666666667
"232",329,329,"NAV68","Navarrete ","No","male","white/other","no","white","n",5,5,4,5,4,4,5,4,4,5,2,4,2,4,3,4,3,4,4,5,5,4,5,4,5,5,4,3,4,2,3,2,4,3,4,5,5,5,5,5,4,5,4,4,5,4,3,4,1,3,2,5,4,3,4,4,4,4.666666667,4.5,3.5,3.166666667,3.666666667,5
"233",330,330,"NAV69","Navarrete ","No","female","white","no","white","n",4,5,4,5,4,5,NA,5,5,5,4,4,3,4,4,2,4,5,4,5,4,4,5,4,5,2,5,4,5,1,4.5,4,5,5,4,5,5,5,4,5,2,3,2,5,1,5,5,5,1,5,4,4,4,5,3,4,4,NA,4.166666667,3.666666667,4.416666667,4.333333333,5
"234",331,331,"NAV7","Navarrete ","No","male","white","no","white","n",5,4,4,5,5,5,5,5,4,3,4,4,4,4,4,4,4,5,5,5,5,4,5,5,5,5,5,4,3,4,4,4,4,4,4,5,5,5,NA,NA,NA,NA,NA,NA,NA,NA,NA,NA,NA,NA,NA,NA,NA,NA,NA,NA,NA,4.5,4.5,4,4,4.666666667,5
"235",333,333,"NAV71","Navarrete ","No","female","white","no","white","n",5,5,5,4,5,5,5,5,5,5,4,5,4,4,5,5,3,4,4,5,5,5,4,5,4,5,5,5,5,4,5,4,4,4,5,5,5,5,5,5,3,5,5,4,5,5,4,5,4,5,5,4,4,5,3,4,2,4.833333333,4.833333333,4.666666667,4.5,3.666666667,5
"236",334,334,"NAV72","Navarrete ","No","female","decline to state","yes","hispanic","y",5,4,4,5,2,5,5,4,4,2,5,2,3,4,3,4,4,5,5,5,4,5,NA,2,5,5,4,4,3,5,4,4,4,3,4,5,5,5,5,4,3,5,2,5,5,4,5,2,5,2,3,4,3,5,5,5,5,3.833333333,NA,3.333333333,3.833333333,4.666666667,5
"237",337,337,"NAV75","Navarrete ","No","male","other","yes","hispanic","y",3,3,3,1,NA,1,1,5,1,1,1,1,4,5,4,5,1,5,1,4,4,1,2,1,5,1,5,1,1,1,1,5,5,5,4,5,5,5,NA,NA,NA,NA,NA,NA,NA,NA,NA,NA,NA,NA,NA,NA,NA,NA,NA,NA,NA,NA,1.666666667,3.333333333,3.5,2.333333333,5
"238",339,339,"NAV77","Navarrete ","No","male","white","yes","hispanic","y",5,5,5,5,5,5,4,4,5,4,4,4,3,5,5,5,5,5,5,5,5,5,5,5,5,5,5,5,5,3,4,2,5,4,5,5,5,5,4,5,4,4,4,5,4,4,4,2,3,4,4,5,5,5,4,4,4,4.666666667,5,4.5,4.166666667,5,5
"239",340,340,"NAV78","Navarrete ","No","female","white","no","white","n",5,5,5,5,5,5,1,5,5,5,1,5,5,4,4,4,5,5,5,5,5,5,5,4,5,1,4,5,4,2,4,4,5,4,4,5,5,5,5,5,5,5,4,5,2,5,5,4,1,5,4,5,4,4,5,5,5,4.333333333,4,4.5,4.333333333,5,5
"240",341,341,"NAV79","Navarrete ","No","female","white","no","white","n",4,3,2,4,2,5,4,4,4,1,3,5,2,4,5,5,3,5,4,4,3,2,5,2,4,4,4,5,4,2,3,4,4,2,5,5,5,5,5,3,2,4,2,5,5,5,4,3,2,5,5,5,3,5,4,5,4,2.833333333,3.5,4.166666667,3.833333333,4,5
"241",342,342,"NAV8","Navarrete ","No","male","white/other","no","white","n",3,5,2,2,2,5,2,5,4,1,2,5,4,5,5,1,5,5,4,3,5,5,2,2,5,1,5,4,2,5,5,4,5,5,3,2,5,3,4,5,3,4,3,5,4,5,4,2,4,4,5,4,4,5,4,4,4,2,2.5,4,4.333333333,4.666666667,3.333333333
"242",344,344,"NAV81","Navarrete ","No","female","white","no","white","n",4,4,3,1,1,4,2,5,4,1,4,3,1,1,1,4,1,4,4,4,4,2,2,3,4,2,5,4,1,3,3,2,4,2,4,4,4,4,3,4,1,1,2,4,1,4,4,2,3,4,2,4,2,4,2,2,3,2,2.333333333,2.333333333,3.166666667,3,4
"243",346,346,"NAV83","Navarrete ","No","male","white","yes","hispanic","y",5,5,3,5,1,5,5,1,1,1,5,5,1,3,5,5,5,5,5,3,3,1,2,3,4,1,4,2,2,2,4,2,4,3,2,2,2,1,NA,NA,NA,NA,NA,NA,NA,NA,NA,NA,NA,NA,NA,NA,NA,NA,NA,NA,NA,3.333333333,2,3.333333333,2.833333333,5,1.666666667
"244",347,347,"NAV84","Navarrete ","No","male","white","no","white","n",3,4,3,3,2,5,4,5,4,2,3,4,3,4,4,4,3,3,3,4,4,3,4,3,5,5,5,4,3,4,4,3,3,3,3,4,4,4,4,5,4,4,3,5,5,4,4,3,3,4,4,4,4,3,4,4,4,2.833333333,3.666666667,3.833333333,3.333333333,3,4
"245",348,348,"NAV85","Navarrete ","No","female","white","no","white","n",4,4,2,2,2,4,5,4,4,2,4,4,2,4,4,3,2,3,4,4,3,2,1,1,3,3,4,3,1,3,4,4,4,3,3,4,4,3,3,4,1,1,2,3,2,4,4,2,4,3,2,2,3,2,2,2,2,2.833333333,2,3.5,3.5,3,3.666666667
"246",349,349,"NAV86","Navarrete ","No","female","decline to state","yes","hispanic","y",5,5,5,5,5,4,4,3,3,5,1,5,4,4,3,3,4,5,5,5,5,5,5,4,5,4,3,4,5,2,5,3,4,4,5,5,5,5,5,5,4,5,5,5,5,3,4,5,3,2,2,3,3,4,5,5,5,4.833333333,4.666666667,3.666666667,4.166666667,4.666666667,5
"247",350,350,"NAV87","Navarrete ","No","male","white","no","white","n",5,5,2,4,4,5,5,5,5,3,5,4,5,5,5,4,5,5,5,5,5,4,5,5,5,5,5,5,1,5,3,1,3,4,5,5,5,5,4,5,4,3,1,4,1,5,5,1,2,1,3,3,5,4,4,4,3,3.833333333,4.166666667,4.666666667,3.5,5,5
"248",351,351,"NAV88","Navarrete ","No","male","white","no","white","n",4,5,4,4,2,5,2,4,4,3,4,4,4,4,4,3,4,4,4,5,5,4,5,2,5,1,4,4,2,4,4,5,5,5,3,5,5,4,3,5,1,3,2,5,2,4,4,1,4,4,4,4,3,4,2,3,3,3.166666667,3.166666667,3.833333333,4.333333333,4,4.666666667
"249",352,352,"NAV89","Navarrete ","No","male ","white","no","white","n",5,3,4,5,4,5,1,1,5,4,5,4,5,5,5,5,1,5,3,5,5,5,5,5,5,5,5,5,5,5,5,5,5,5,5,4,5,5,5,4,3,4,4,5,5,5,5,2,5,4,5,5,4,5,2,5,4,3.833333333,5,4.833333333,5,3,4.666666667
"250",353,353,"NAV9","Navarrete ","No","female","white","no","white","n",5,5,4,5,5,5,1,5,5,5,5,5,5,1,2,5,2,1,5,5,5,5,5,5,5,5,5,4,4,2,5,2,5,5,5,5,5,5,5,5,5,5,5,5,5,5,2,1,2,2,5,4,4,4,5,5,5,4.166666667,4.833333333,3.833333333,4.333333333,2.666666667,5
"251",354,354,"NAV90","Navarrete ","No","female","other","yes","hispanic","y",4,5,1,4,2,4,2,5,4,2,2,2,4,4,5,4,2,2,4,5,4,1,5,1,5,2,5,4,5,4,2,4,5,4,4,5,5,4,2,4,1,2,2,5,2,5,1,2,2,4,4,4,4,2,2,4,2,2.5,3.166666667,3.833333333,3.833333333,2.666666667,4.666666667
"252",355,355,"NAV91","Navarrete ","No","female","other","yes","hispanic","y",5,5,4,5,5,5,4,5,4,2,4,3,5,4,5,5,3,4,5,5,5,4,5,5,4,4,5,4,4,4,5,5,4,4,5,5,4,5,5,5,5,5,5,5,5,5,5,5,3,5,5,5,5,5,5,5,5,4.166666667,4.5,4.333333333,4.5,4,4.666666667
"253",356,356,"NAV92","Navarrete ","No","male","white","decline to state","white","n",5,5,5,5,4,5,5,5,5,5,5,5,5,5,5,5,5,5,5,5,5,5,5,4,5,5,5,4,5,5,4,5,5,5,5,5,5,5,3,5,3,3,3,3,1,5,3,3,1,3,3,3,3,3,3,3,3,4.833333333,4.833333333,5,4.666666667,5,5
"254",357,357,"NAV93","Navarrete ","No","male","white","no","white","n",5,4,1,5,2,5,5,5,4,1,4,1,4,5,4,3,1,4,5,5,5,1,5,1,5,3,5,4,1,1,5,1,1,3,4,1,4,5,4,5,1,4,1,5,1,5,4,1,2,4,5,5,4,4,5,4,5,3.166666667,2.666666667,3.5,3,3.333333333,3.333333333
"255",358,358,"NAV94","Navarrete ","No","male","white","yes","hispanic","y",4,5,2,3,4,3,5,4,5,2,3,4,2,4,3,5,4,3,5,4,4,3,4,5,4,4,5,3,2,3,4,2,4,3,3,5,5,4,4,5,2,4,3,5,5,4,4,2,3,4,3,5,4,5,5,4,3,3.333333333,3.666666667,3.833333333,3.166666667,4,4.666666667
"256",359,359,"NAV95","Navarrete ","No","male","white/other","yes","hispanic","y",5,4,5,5,3,5,5,5,5,4,4,4,5,5,5,5,4,5,5,5,4,5,5,3,5,5,5,4,4,3,4,4,5,5,5,5,4,5,NA,NA,NA,NA,NA,NA,NA,NA,NA,NA,NA,NA,NA,NA,NA,NA,NA,NA,NA,4.5,4.5,4.833333333,4.5,4.666666667,4.666666667
"257",361,361,"NAV97","Navarrete ","No","female","white","decline to state","white","n",5,5,5,4,4,4,5,5,4,5,4,4,1,3,4,4,2,3,4,5,5,4,5,4,4,5,5,5,4,2,4,2,4,2,3,4,4,4,5,5,5,5,4,5,5,5,4,5,4,5,3,5,4,4,3,3,3,4.666666667,4.5,3.333333333,3.333333333,3,4
"258",362,362,"NAV98","Navarrete ","No","male","white","no","white","n",2,4,2,2,2,3,2,5,3,1,3,4,2,5,1,5,2,2,2,4,4,5,3,2,4,3,5,4,1,4,4,4,4,4,5,5,4,4,2,3,2,2,1,5,3,4,2,1,2,4,3,4,2,4,2,2,2,1.833333333,3,3.333333333,4.166666667,2,4.333333333
"259",363,363,"NAV99","Navarrete ","No","female","white","no","white","n",4,5,3,4,1,5,5,4,4,1,1,4,5,5,5,5,3,4,3,4,5,2,4,1,5,5,4,4,1,1,4,5,5,5,4,4,5,4,2,4,1,1,1,5,2,4,1,1,NA,3,4,5,4,3,2,4,3,3,2.833333333,4.666666667,4.5,3.333333333,4.333333333
"260",364,364,"P2-1","Patterson ","No","male","white","no","white","n",4,4,2,5,4,5,5,4,2,3,3,4,1,4,2,5,3,2,2,4,3,1,4,3,5,5,4,2,3,3,3,3,3,3,3,3,3,1,NA,NA,NA,NA,NA,NA,NA,NA,NA,NA,NA,NA,NA,NA,NA,NA,NA,NA,NA,3.833333333,3.333333333,3,2.833333333,2.333333333,2.333333333
"261",367,367,"P2-12","Patterson ","No","female","white","no","white","n",5,4,4,5,2,5,4,5,4,3,1,5,4,5,5,4,4,3,4,5,4,2,4,2,NA,5,5,4,2,5,4,3,5,4,5,5,4,5,NA,NA,NA,NA,NA,NA,NA,NA,NA,NA,NA,NA,NA,NA,NA,NA,NA,NA,NA,3.833333333,3.333333333,4.5,4.166666667,3.666666667,4.666666667
"262",368,368,"P2-13","Patterson ","No","female","white","no","white","n",4,4,1,1,1,1,1,5,1,1,2,1,1,1,2,1,1,1,1,5,4,3,4,3,3,5,5,4,3,4,2,2,2,2,2,1,1,4,NA,NA,NA,NA,NA,NA,NA,NA,NA,NA,NA,NA,NA,NA,NA,NA,NA,NA,NA,1.5,3.833333333,1.166666667,2.333333333,1,2
"263",369,369,"P2-14","Patterson ","No","female","white","decline to state","white","n",5,5,4,5,5,5,5,5,4,2,5,2,4,4,5,5,4,4,4,5,5,4,5,5,5,5,5,4,2,4,4,4,5,5,5,5,5,4,NA,NA,NA,NA,NA,NA,NA,NA,NA,NA,NA,NA,NA,NA,NA,NA,NA,NA,NA,4.333333333,4.333333333,4,4.5,4,4.666666667
"264",371,371,"P2-2","Patterson ","No","male","white","no","white","n",4,4,1,2,1,5,4,4,4,1,5,3,1,4,4,3,1,1,2,4,4,1,2,1,5,3,4,4,1,4,4,2,5,3,4,5,4,4,NA,NA,NA,NA,NA,NA,NA,NA,NA,NA,NA,NA,NA,NA,NA,NA,NA,NA,NA,2.166666667,2,3.166666667,3.666666667,1.333333333,4.333333333
"265",373,373,"P2-4","Patterson ","No","female","white","no","white","n",5,5,5,5,5,5,5,5,5,5,4,5,5,5,5,5,5,5,5,5,5,5,5,5,5,5,5,5,5,3,5,5,5,5,5,5,5,5,NA,NA,NA,NA,NA,NA,NA,NA,NA,NA,NA,NA,NA,NA,NA,NA,NA,NA,NA,5,5,5,5,5,5
"266",374,374,"P2-5","Patterson ","No","male","white","no","white","n",4,5,3,5,4,5,3,5,4,1,3,3,1,4,3,4,4,5,4,5,5,4,5,5,5,4,5,3,1,3,3,2,4,2,4,4,4,4,NA,NA,NA,NA,NA,NA,NA,NA,NA,NA,NA,NA,NA,NA,NA,NA,NA,NA,NA,3.333333333,4,3.166666667,3,4.333333333,4
"267",375,375,"P2-6","Patterson ","No","male","white","no","white","n",5,5,1,5,2,5,5,4,4,2,2,4,4,4,4,4,3,3,3,4,4,4,4,3,4,4,5,4,3,3,4,4,4,4,4,4,4,4,NA,NA,NA,NA,NA,NA,NA,NA,NA,NA,NA,NA,NA,NA,NA,NA,NA,NA,NA,3.333333333,3.666666667,4,4,3,4
"268",376,376,"P2-7","Patterson ","No","male","white","no","white","n",4,5,2,5,4,5,5,5,4,2,2,4,5,3,3,3,4,5,3,5,5,4,4,2,NA,5,5,4,2,2,5,5,5,5,5,2,5,5,NA,NA,NA,NA,NA,NA,NA,NA,NA,NA,NA,NA,NA,NA,NA,NA,NA,NA,NA,3.666666667,3.666666667,3.666666667,4.833333333,4,4
"269",377,377,"P2-8","Patterson ","No","male","white","no","white","n",5,5,4,4,4,5,5,4,5,5,5,4,4,5,5,4,5,5,5,5,4,4,5,4,5,5,5,4,5,5,5,4,5,4,4,4,4,4,NA,NA,NA,NA,NA,NA,NA,NA,NA,NA,NA,NA,NA,NA,NA,NA,NA,NA,NA,4.5,4.666666667,4.5,4.333333333,5,4
"270",378,378,"P2-9","Patterson ","No","female","white","no","white","n",4,4,4,4,1,4,4,5,2,1,2,4,3,3,3,3,2,2,3,4,4,3,4,2,4,4,5,4,1,4,5,3,3,4,4,4,4,4,NA,NA,NA,NA,NA,NA,NA,NA,NA,NA,NA,NA,NA,NA,NA,NA,NA,NA,NA,3,3,3,3.833333333,2.333333333,4
"271",382,382,"P3-12","Patterson ","No","male","white","no","white","n",3,4,1,5,1,5,5,5,4,1,4,3,5,4,1,1,3,4,3,4,3,1,5,1,5,4,5,3,2,3,4,3,5,4,2,3,4,4,NA,NA,NA,NA,NA,NA,NA,NA,NA,NA,NA,NA,NA,NA,NA,NA,NA,NA,NA,2.666666667,2.833333333,3,3.5,3.333333333,3.666666667
"272",385,385,"P3-15","Patterson ","No","male","white","no","white","n",5,5,5,5,5,5,5,5,5,4,NA,5,5,5,5,5,5,5,5,5,5,5,5,5,5,5,5,5,5,5,5,5,5,5,5,5,5,5,NA,NA,NA,NA,NA,NA,NA,NA,NA,NA,NA,NA,NA,NA,NA,NA,NA,NA,NA,4.833333333,5,5,5,5,5
"273",386,386,"P3-16","Patterson ","No","female","white","decline to state","white","n",2,1,3,3,4,3,2,3,4,5,3,2,4,2,4,5,4,3,3,2,2,3,3,5,2,3,3,4,5,3,3,4,2,NA,3,2,4,3,NA,NA,NA,NA,NA,NA,NA,NA,NA,NA,NA,NA,NA,NA,NA,NA,NA,NA,NA,3.166666667,3.5,3.5,NA,3.333333333,3
"274",389,389,"P3-19","Patterson ","No","male","white","yes","hispanic","y",4,4,3,3,2,5,2,3,3,1,1,4,3,4,3,3,3,4,3,3,3,2,2,1,5,3,3,1,1,1,2,2,4,3,2,3,4,4,NA,NA,NA,NA,NA,NA,NA,NA,NA,NA,NA,NA,NA,NA,NA,NA,NA,NA,NA,2.5,2,3.333333333,2.333333333,3.333333333,3.666666667
"275",390,390,"P3-2","Patterson ","No","male","white","no","white","n",5,5,4,5,5,5,5,4,5,5,2,4,5,4,3,5,4,5,4,5,5,4,5,5,5,5,4,5,4,4,4,4,5,4,4,5,5,5,NA,NA,NA,NA,NA,NA,NA,NA,NA,NA,NA,NA,NA,NA,NA,NA,NA,NA,NA,4.833333333,4.666666667,4.333333333,4.333333333,4.333333333,5
"276",393,393,"P3-4","Patterson ","No","female","other","yes","hispanic","y",5,5,5,5,4,5,5,4,4,3,2,4,4,5,4,4,4,4,5,5,5,4,5,4,5,5,5,5,4,2,4,4,5,4,5,5,5,5,NA,NA,NA,NA,NA,NA,NA,NA,NA,NA,NA,NA,NA,NA,NA,NA,NA,NA,NA,4.5,4.5,4.166666667,4.5,4.333333333,5
"277",394,394,"P3-5","Patterson ","No","male","other","yes","hispanic","y",4,3,4,4,3,5,4,5,4,3,5,4,4,4,4,3,4,4,4,4,3,4,5,3,4,4,5,4,2,5,4,4,4,4,3,5,5,5,NA,NA,NA,NA,NA,NA,NA,NA,NA,NA,NA,NA,NA,NA,NA,NA,NA,NA,NA,3.666666667,3.666666667,3.833333333,3.833333333,4,5
"278",395,395,"P3-6","Patterson ","No","male","white","no","white","n",4,5,3,4,5,5,4,3,4,2,4,3,3,5,3,4,3,4,5,5,5,4,5,5,5,5,4,4,3,5,5,5,5,1,5,5,5,5,NA,NA,NA,NA,NA,NA,NA,NA,NA,NA,NA,NA,NA,NA,NA,NA,NA,NA,NA,3.666666667,4.5,3.666666667,4.166666667,4,5
"279",396,396,"P3-7","Patterson ","No","female","white","no","white","n",NA,4,5,2,3,5,5,5,5,3,2,4,3,5,4,4,4,5,4,5,5,3,4,2,5,4,5,5,3,2,3,4,4,2,4,4,5,4,NA,NA,NA,NA,NA,NA,NA,NA,NA,NA,NA,NA,NA,NA,NA,NA,NA,NA,NA,NA,3.5,4.166666667,3.666666667,4.333333333,4.333333333
"280",399,399,"P4-1","Patterson ","No","male","white","no","white","n",4,5,5,5,4,5,5,5,5,5,3,5,5,4,1,5,5,5,5,5,5,5,5,5,5,5,5,5,5,2,5,5,5,5,5,5,5,5,NA,NA,NA,NA,NA,NA,NA,NA,NA,NA,NA,NA,NA,NA,NA,NA,NA,NA,NA,4.666666667,5,4.166666667,5,5,5
"281",400,400,"P4-10","Patterson ","No","female","white","no","white","n",4,5,3,2,1,5,4,5,5,1,4,2,1,3,4,3,4,2,4,4,5,5,4,3,5,4,5,4,1,4,3,2,3,4,3,5,5,5,NA,NA,NA,NA,NA,NA,NA,NA,NA,NA,NA,NA,NA,NA,NA,NA,NA,NA,NA,2.5,3.5,3,3.166666667,3.333333333,5
"282",402,402,"P4-12","Patterson ","No","female","white","no","white","n",5,4,5,5,4,5,5,3,4,4,4,5,5,4,4,5,5,5,3,5,5,3,3,3,5,5,1,4,2,2,5,4,4,5,5,5,5,5,NA,NA,NA,NA,NA,NA,NA,NA,NA,NA,NA,NA,NA,NA,NA,NA,NA,NA,NA,4.666666667,3.5,4.5,4.5,4.333333333,5
"283",404,404,"P4-14 ","Patterson ","No","male","white ","no","white","n",4,5,4,3,3,4,4,5,4,2,4,3,5,4,4,4,3,4,5,5,5,4,3,2,5,4,5,4,3,4,3,5,4,4,4,5,5,5,NA,NA,NA,NA,NA,NA,NA,NA,NA,NA,NA,NA,NA,NA,NA,NA,NA,NA,NA,3.333333333,3.5,4,4,4,5
"284",405,405,"P4-15","Patterson ","No","female","white","yes","hispanic","y",4,5,1,3,1,5,5,5,4,1,5,5,2,5,NA,3.5,1,4,3,5,3,1,4,1,4,4,5,4,1,4,4,4,5,3,5,3,4,3,NA,NA,NA,NA,NA,NA,NA,NA,NA,NA,NA,NA,NA,NA,NA,NA,NA,NA,NA,2.5,2.666666667,NA,4.166666667,2.666666667,3.333333333
"285",406,406,"P4-16","Patterson ","No","female","white","yes","hispanic","y",5,5,5,5,5,5,5,5,5,5,4,5,5,5,5,5,5,5,5,5,5,5,5,5,5,5,5,5,5,5,5,5,5,5,5,5,5,5,NA,NA,NA,NA,NA,NA,NA,NA,NA,NA,NA,NA,NA,NA,NA,NA,NA,NA,NA,5,5,5,5,5,5
"286",407,407,"P4-17","Patterson ","No","male","white","decline to state","white","n",4,3,5,3,2,3,2,5,3,2,3,2,2,3,4,4,3,4,5,4,4,5,5,3,4,2,5,3,4,3,4,4,4,3,4,4,5,4,NA,NA,NA,NA,NA,NA,NA,NA,NA,NA,NA,NA,NA,NA,NA,NA,NA,NA,NA,3,3.833333333,3,3.666666667,4,4.333333333
"287",408,408,"P4-18","Patterson ","No","female","white","yes","hispanic","y",5,5,4,5,5,5,5,5,5,4,5,5,5,5,5,5,5,5,5,5,5,4,5,5,5,5,5,5,4,5,5,5,5,5,5,5,5,5,NA,NA,NA,NA,NA,NA,NA,NA,NA,NA,NA,NA,NA,NA,NA,NA,NA,NA,NA,4.666666667,4.666666667,5,5,5,5
"288",409,409,"P4-19","Patterson ","No","female","white","yes","hispanic","y",4,5,1,4,3,5,5,5,4,3,3,3,3,4,5,3,4,3,4,5,4,1,5,1,5,5,3,5,1,5,4,5,4,4,3,4,5,3,NA,NA,NA,NA,NA,NA,NA,NA,NA,NA,NA,NA,NA,NA,NA,NA,NA,NA,NA,3.333333333,3,3.666666667,4.166666667,3.666666667,4
"289",410,410,"P4-2","Patterson ","No","male","other","yes","hispanic","y",5,5,4,5,4,4,5,5,5,5,4,5,5,4,5,5,5,5,5,5,5,5,5,5,5,5,5,5,5,5,5,4,5,5,5,5,5,5,NA,NA,NA,NA,NA,NA,NA,NA,NA,NA,NA,NA,NA,NA,NA,NA,NA,NA,NA,4.666666667,5,4.833333333,4.833333333,5,5
"290",412,412,"P4-4","Patterson ","No","male ","white","no","white","n",4,5,1,5,2,4,5,4,2,1,3,1,4,3,2,4,3,3,2,4,5,2,5,1,4,5,2,2,1,3,1,4,5,2,1,4,4,4,NA,NA,NA,NA,NA,NA,NA,NA,NA,NA,NA,NA,NA,NA,NA,NA,NA,NA,NA,3,3,2.666666667,2.5,2.666666667,4
"291",413,413,"P4-5","Patterson ","No","female","white","no","white","n",5,5,5,5,5,5,5,4,5,5,5,5,5,5,5,4,5,5,5,5,5,5,5,5,5,5,5,5,5,5,5,5,4,5,4,5,5,5,NA,NA,NA,NA,NA,NA,NA,NA,NA,NA,NA,NA,NA,NA,NA,NA,NA,NA,NA,5,5,4.833333333,4.666666667,5,5
"292",414,414,"P4-6 ","Patterson ","No","male","white ","no","white","n",5,5,5,5,4,5,5,5,5,3,4,5,4,5,4,5,3,3,3,5,5,4,5,3,5,5,5,5,3,4,5,4,4,4,5,3,3,3,NA,NA,NA,NA,NA,NA,NA,NA,NA,NA,NA,NA,NA,NA,NA,NA,NA,NA,NA,4.5,4.166666667,4.666666667,4.5,3,3
"293",417,417,"P4-9","Patterson ","No","male","white","no","white","n",5,5,3,5,5,5,5,5,5,2,4,5,5,3,5,5,4,5,4,5,5,2,5,4,5,5,5,5,3,2,5,5,4,5,5,4,5,5,NA,NA,NA,NA,NA,NA,NA,NA,NA,NA,NA,NA,NA,NA,NA,NA,NA,NA,NA,4.166666667,4,4.666666667,4.833333333,4.333333333,4.666666667
"294",418,418,"SME 1","CTA","No","male","white","no","white","n",4,5,2,3,3,4,4,5,4,4,3,2,4,4,5,4,4,5,4,4,4,2,2,2,4,4,5,4,4,3,2,5,5,4,3.5,5,5,4,NA,NA,NA,NA,NA,NA,NA,NA,NA,NA,NA,NA,NA,NA,NA,NA,NA,NA,NA,3.333333333,3,3.833333333,3.916666667,4.333333333,4.666666667
"295",421,421,"SME 4 * possibly blind answering","CTA","No","male","white","no","white","n",5,4,5,4,4,5,2,4,4,5,2,4,4,4,4,4,4,4,4,5,4,5,3,4,4,5,4,4,5,3,4,4,4,4,4,5,4,5,NA,NA,NA,NA,NA,NA,NA,NA,NA,NA,NA,NA,NA,NA,NA,NA,NA,NA,NA,4.166666667,4.5,4,4,4,4.666666667
"296",422,422,"SME 5","CTA","No","male","white","yes","hispanic","y",2,4,4,2,2,4,3,5,2,1,2,4,3,4,3,2,4,5,4,3,4,4,3,3,4,3,5,2,1,2,4,4,5,3,3,4,5,4,NA,NA,NA,NA,NA,NA,NA,NA,NA,NA,NA,NA,NA,NA,NA,NA,NA,NA,NA,2.333333333,2.833333333,3,3.5,4.333333333,4.333333333
"297",423,423,"SME 6","CTA","No","female","white/other","no","white","n",4,5,4,3,2,4,2,4,3,3,2,2,1,3,3,4,3,4,4,4,4,4,3,1,5,3,4,3,3,2,4,4,4,4,3,4,4,5,NA,NA,NA,NA,NA,NA,NA,NA,NA,NA,NA,NA,NA,NA,NA,NA,NA,NA,NA,3,3,2.666666667,3.666666667,3.666666667,4.333333333
"298",424,424,"SME 7","CTA","No","female","white","no","white","n",4,5,3,4,2,4,4,5,5,3,1,4,3,5,3,3,4,4,4,4,5,3,4,3,4,5,5,3,3,1,4,4,4,3,4,4,4,4,NA,NA,NA,NA,NA,NA,NA,NA,NA,NA,NA,NA,NA,NA,NA,NA,NA,NA,NA,3.333333333,3.666666667,3.833333333,3.666666667,4,4
"299",425,425,"SME10","CTA","No","male","other","yes","hispanic","y",4,5,3,5,2,4,4,3,1,2,3,1,2,4,2,1,3,4,4,4,5,3,5,2,5,3,2,1,3,2,3,2,3,2,1,4,4,3,NA,NA,NA,NA,NA,NA,NA,NA,NA,NA,NA,NA,NA,NA,NA,NA,NA,NA,NA,3.333333333,3.333333333,1.833333333,2,3.666666667,3.666666667
"300",426,426,"SME11","CTA","No","female","white","decline to state","white","n",4,4,4,4,3,5,5,5,4,2,4,3,5,5,5,5,4,4,4,4,4,4,5,2,5,5,5,5,3,4,3,5,5,5,5,5,4,5,NA,NA,NA,NA,NA,NA,NA,NA,NA,NA,NA,NA,NA,NA,NA,NA,NA,NA,NA,3.666666667,3.833333333,4.5,4.666666667,4,4.666666667
"301",429,429,"WBG1","Weinberg ","No","male","white","no","white","n",4,4,2,4,1,3,3,5,4,1,3,5,3,4,4,4,3,4,4,5,4,5,3,1,4,3,5,5,1,3,5,2,3,3,4,4,5,4,4,4,3,4,2,4,2,5,4,1,2,3,3,2,2,4,3,4,5,2.5,3,4,3.666666667,3.666666667,4.333333333
"302",430,430,"WBG10","Weinberg ","No","female","white","no","white","n",4,5,2,3,4,4,4,3,4,3,3,3,2,4,4,5,1,5,5,4,5,1,3,2,2,3,1,1,1,1,3,1,2,1,2,1,3,3,4,5,1,3,2,3,2,1,2,1,1,1,2,4,3,1,3,3,1,3.333333333,2.333333333,3.666666667,1.666666667,3.666666667,2.333333333
"303",431,431,"WBG11","Weinberg ","No","female","other","yes","hispanic","y",2,5,1,3,4,5,3,5,1,5,1,4,1,3,4,1,5,5,5,2,5,1,3,4,3,3,5,1,4,1,3,1,2,3,3,5,5,5,3,5,2,1,2,4,2,5,1,5,1,3,2,1,2,3,5,5,4,3,2.833333333,2.333333333,2.166666667,5,5
"304",432,432,"WBG12","Weinberg ","No","female","white/other","no","white","n",4,5,2,4,5,4,5,3,2,1,1,2,1,2,3,4,3,5,4,5,4,2,5,1,5,5,4,4,1,3,3,3,3,3,3,4,5,5,4,3,2,4,2,NA,4,3,4,1,2,4,3,4,2,3,4,3,4,3.5,3.166666667,2.333333333,3.166666667,4,4.666666667
"305",433,433,"WBG14","Weinberg ","No","female","white","no","white","n",5,5,4,5,4,5,5,5,5,4,3,4,5,5,5,5,5,5,4,5,5,5,5,4,5,5,5,5,4,3,5,5,5,5,5,5,5,5,5,5,4,5,3,5,5,5,5,4,3,5,5,5,5,5,5,5,5,4.5,4.666666667,4.833333333,5,4.666666667,5
"306",434,434,"WBG15","Weinberg ","No","male","white","no","white","n",5,4,4,5,3,5,5,4,5,5,3,5,4,4,5,4,3,5,4,5,4,5,5,3,5,5,5,4,4,2,5,5,4,4,5,5,5,5,5,5,5,5,4,5,5,4,4,5,2,5,4,4,4,5,5,5,4.5,4.5,4.5,4.5,4.5,4,5
"307",435,435,"WBG16","Weinberg ","No","male","white","no","white","n",4,4,3,5,3,5,5,4,4,3,2,4,5,4,5,3,4,4,4,4,3,5,5,3,5,5,4,4,3,2,4,5,5,4,5,4,5,3,4,4,4,5,3,5,3,5,4,3,2,4,4,4,4,4,3,4,5,3.833333333,4.166666667,4.166666667,4.5,4,4
"308",436,436,"WBG17","Weinberg ","No","male","white","no","white","n",4,5,4,4,5,5,4,5,4,3,4,4,2,4,4,4,4,4,4,4,5,1,2,2,5,1,5,5,2,4,4,4,4,4,4,4,5,5,4,5,4,4,4,5,2,5,5,3,4,4,4,4,4,5,4,4,4,4,2,3.666666667,4.166666667,4,4.666666667
"309",437,437,"WBG18","Weinberg ","No","male","white","no","white","n",4,5,2,4,3,5,2,3,3,4,4,4,2,4,4,3,4,5,4,4,5,2,4,4,5,4,4,3,3,2,2,3,5,3,4,4,4,5,4,5,3,4,2,5,4,4,4,1,4,2,3,4,3,2,3,3,3,3.166666667,3.5,3.333333333,3.333333333,4.333333333,4.333333333
"310",441,441,"WBG21","Weinberg ","No","female","white","no","white","n",4,5,2,4,3,5,5,5,3,4,4,4,3,5,5,5,3,5,5,4,5,3,4,3,5,5,5,4,4,3,3,3,5,5,5,5,5,5,3,5,2,2,2,3,3,5,1,2,2,4,3,4,3,4,4,4,3,3.666666667,3.833333333,4.166666667,4.166666667,4.333333333,5
"311",442,442,"WBG22","Weinberg ","No","female","white","no","white","n",4,4,3,3,1,5,1,4,3,4,2,5,2,5,3,3,2,4,1,5,5,3,5,1,5,5,4,4,3,2,4,2,5,5,5,4,5,5,3,4,3,3,2,4,3,4,3,2,2,3,3,5,3,4,2,4,3,2.666666667,3.666666667,3.5,4.166666667,2.333333333,4.666666667
"312",443,443,"WBG23","Weinberg ","No","male","white","no","white","n",5,5,5,5,4,5,5,4,5,5,2,4,5,5,5,5,5,5,5,5,5,5,5,4,5,5,4,4,5,2,5,5,5,5,5,4,5,4,5,5,4,3,4,5,5,4,5,5,2,4,5,5,5,5,3,5,5,4.833333333,4.833333333,4.833333333,4.833333333,5,4.333333333
"313",444,444,"WBG24","Weinberg ","No","male","white","no","white","n",5,4,1,5,5,4,5,5,5,4,5,5,1,5,5,5,4,4,3,5,4,1,5,4,5,2,5,5,1,5,5,5,5,4,5,4,4,4,5,4,1,4,5,5,4,5,5,2,5,5,3,5,4,5,4,5,4,4.166666667,3,4.333333333,4.833333333,3.666666667,4
"314",445,445,"WBG25","Weinberg ","No","male","other","no","white","n",5,5,5,5,2,5,5,4,5,4,1,4,1,4,5,4,5,5,5,5,4,4,5,5,4,3,4,5,4.5,1,4,3,4,4,5,4,4,4,4,5,4,3,2,4,5,4,3,2,1,3,4,4,3,3,3.5,4,4,4.333333333,4.416666667,3.833333333,4.166666667,5,4
"315",446,446,"WBG26","Weinberg ","No","male","white/other","no","white","n",5,5,5,5,5,5,5,5,5,5,5,5,5,5,5,5,5,5,5,5,5,5,5,5,5,5,5,5,5,4,5,5,5,5,5,5,5,5,5,5,5,5,5,5,5,5,5,5,5,4,5,5,5,5,5,5,5,5,5,5,5,5,5
"316",447,447,"WBG27","Weinberg ","No","male","white","no","white","n",5,5,4,5,3,5,5,5,5,2,2,4,5,3,2,5,3,5,5,5,5,4,5,3,5,5,5,5,2,3,5,5,1,1,4,5,5,5,5,5,4,4,2,5,5,5,5,2,4,5,4,4,5,5,4,5,2,4,4,4,3.5,4.333333333,5
"317",448,448,"WBG28","Weinberg ","No","female","white","no","white","n",5,5,5,5,4,5,3,5,4,3,4,5,3,4,5,5,4,5,4,5,5,5,5,4,5,5,5,5,4,4,5,5,5,5,5,5,5,5,4,5,4,3,3,5,4,5,2,3,4,4,4,5,5,5,5,5,5,4.166666667,4.666666667,4.333333333,5,4.333333333,5
"318",450,450,"WBG3","Weinberg ","No","female","white","decline to state","white","n",5,4,1,4,5,5,5,5,4,5,3,3,3,3,4,4,2,4,2,4,3,3,3,4,4,5,5,3,4,3,4,3,2,3,3,4,4,4,3,3,4,3,4,5,3,5,3,4,3,4,3,3,3,3,3,3,3,4.166666667,3.833333333,3.5,3,2.666666667,4
"319",451,451,"WBG30","Weinberg ","No","male","white","no","white","n",4,4,3,4,3,4,5,4,4,3,4,3,5,4,5,4,3,5,3,4,5,3,5,4,4,4,5,4,3,5,4,5,4,4,4,4,5,4,4,3,4,5,3,5,5,4,3,3,4,3,5,4,5,4,5,5,5,3.666666667,3.833333333,4.166666667,4.166666667,3.666666667,4.333333333
"320",452,452,"WBG31","Weinberg ","No","male","other","yes","hispanic","y",4,4,2,4,1,4,2,3,2,2,3,3,2,3,2,3,2,3,4,4,4,2,4,1,4,2,4,2,2,3,2,2,3,3,2,4,4,4,2,4,3,3,2,4,2,2,2,3,4,1,3,2,4,3,2,3,4,2.5,2.5,2.5,2.333333333,3,4
"321",453,453,"WBG32","Weinberg ","No","male","other","yes","hispanic","y",4,5,3,4,2,3,3,4,3,2,2,3,3,3,4,3,3,4,4,4,5,3,4,2,4,2,4,3,3,2,3,4,4,4,4,3,4,3,3,4,2,3,2,4,2,4,3,2,1,4,3,3,4,3,4,4,4,3,3,3.166666667,3.666666667,3.666666667,3.333333333
"322",455,455,"WBG34","Weinberg ","No","female","white","no","white","n",4,4,3,3,2,4,1,5,3,1,3,3,2,4,3,4,2,3,2,4,4,3,3,2,4,3,4,3,2,4,4,3,5,3,4,5,5,5,2,3,2,2,2,4,2,4,3,2,3,4,3,4,2,4,2,2,3,2.333333333,2.833333333,3.166666667,3.666666667,2.333333333,5
"323",456,456,"WBG35","Weinberg ","No","female","white","decline to state","white","n",5,5,4.25,4.75,5,5,5,5,5,5,3.35,4,5,4,5,5,5,5,5,5,5,5,4.75,5,5,5,5,5,5,4.75,4,4,5,4,5,4,4,5,5,5,4,5,2,5,5,5,5,2,4,5,5,4,4,5,4,4,5,4.833333333,4.958333333,4.666666667,4.5,5,4.333333333
"324",457,457,"WBG36","Weinberg ","No","female","white/other","no","white","n",5,5,4,4,5,5,4,5,4,4,3,4,5,5,5,5,3,4,4,5,5,4,4,5,5,5,5,4,4,2,5,4,4,4,4,4,5,4,4,4,4,4,4,5,4,5,4,2,3,3,4,5,4,5,4,4,3,4.333333333,4.5,4.666666667,4.166666667,3.666666667,4.333333333
"325",459,459,"WBG38","Weinberg ","No","male","white/other","no","white","n",3,3,3,3,3,4,2,4,3,2,4,4,2,1,3,3,2,1,1,4,3,3,3,3,4,3,4,3,3,3,5,1,2,3,3,4,1,1,2,4,2,2,1,4,1,5,2,1,2,1,2,2,2,2,2,2,1,2.666666667,3.166666667,2.666666667,2.833333333,1.333333333,2
"326",460,460,"WBG39","Weinberg ","No","female","white/other","yes","hispanic","y",5,5,5,5,5,5,5,5,5,3,5,4,5,5,4,4,5,5,5,5,5,5,5,5,5,5,5,5,4,4,4,5,5,5,5,5,5,5,5,5,5,5,5,5,5,5,5,4,5,5,4,5,5,5,5,5,5,4.666666667,4.833333333,4.5,4.833333333,5,5
"327",461,461,"WBG4","Weinberg ","No","male","white","no","white","n",5,5,5,5,2,5,1,4,4,4,2,4,4,5,4,4,5,5,5,5,5,4,5,2,4,2,4,5,2,2,4,4,4,4,4,4,4,5,4,4,2,2,2,4,1,4,2,2,1,2,2,4,2,4,2,2,2,3.666666667,3.333333333,4.166666667,4.166666667,5,4.333333333
"328",463,463,"WBG41","Weinberg ","No","female","white","no","white","n",5,5,4,5,3,5,5,3,2,4,4,4,4,3,2,4,4,5,3,5,5,4,5,4,5,5,4,3,4,4,3,4,5,4,3,4,5,5,4,4,2,4,3,4,5,4,4,3,4,4,4,4,3,4,3,4,3,4.333333333,4.5,3.166666667,3.666666667,4,4.666666667
"329",468,468,"WBG46","Weinberg ","No","male","white","no","white","n",4,5,3,5,4,5,5,5,4,1,4,3,3,5,5,5,3,5,5,5,5,5,5,3,3,5,5,4,2,5,4,3,4,5,5,4,5,5,4,5,3,4,3,5,5,5,4,3,4,4,4,3,4,4,4,5,4,3.666666667,4.166666667,4.166666667,4.166666667,4.333333333,4.666666667
"330",469,469,"WBG47","Weinberg ","No","female","white","no","white","n",5,5,4,5,4,5,5,5,4,3,4,4,4,4,4,4,5,5,5,5,5,4,5,4,5,5,5,4,4,4,4,4,5,5,5,5,5,5,4,4,4,5,3,5,5,5,3.5,3,3,4,4,4,3,4,4,5,4,4.333333333,4.5,4,4.5,5,5
"331",470,470,"WBG48","Weinberg ","No","female","white","no","white","n",5,5,5,5,4,5,5,5,5,5,2,5,5,5,4,5,4,5,4,5,5,5,5,4,5,5,5,5,5,2,4,5,4,4,5,4,5,5,4,5,4,3,2,2,1,5,3,1,1,4,5,5,4,5,4,4,5,4.833333333,4.833333333,4.833333333,4.5,4.333333333,4.666666667
"332",472,472,"WBG5","Weinberg ","No","female","white","no","white","n",3,4,2,4,2,5,5,4,5,2,4,2,1,5,3,4,2,4,3,5,5,4,5,3,5,5,5,5,4,3,5,5,5,5,5,5,5,5,5,5,3,4,3,5,4,5,4,3,3,4,4,5,4,5,3,5,4,3,4.333333333,3.333333333,5,3,5
"333",473,473,"WBG50","Weinberg ","No","female","white","no","white","n",4,4,2,5,2,4,1,3,4,1,4,4,4,5,3,4,2,3,3,4,4,1,3,1,3,2,4.25,4,2,4,4,3,2,3,4,4,4,4,4,4,1,3,1,4,2,3,5,2,3,4,4,3,4,5,4,2,2,2.5,2.166666667,4,3.333333333,2.666666667,4
"334",476,476,"WBG53","Weinberg ","No","female","white","no","white","n",4,5,2,5,2,5,5,5,4,1,2,4,3,5,5,5,2,5,2,4,5,4,5,1,5,3,5,4,1,3,5,3,5,3,5,5,5,4,4,5,1,5,2,5,5,5,5,1,4,3,4,5,5,3,2,2,2,3.166666667,3,4.333333333,4.166666667,3,4.666666667
"335",477,477,"WBG54","Weinberg ","No","male","white","yes","hispanic","y",5,5,3,5,1,5,5,5,5,4,3,4,3,4,5,5,5,5,5,5,5,3,5,3,5,5,5,4,3,4,5,5,5,5,5,5,5,5,4,4,4,4,2,4,5,5,4,2,3,4,5,5,5,5,5,5,5,3.833333333,4,4.333333333,4.833333333,5,5
"336",478,478,"WBG55","Weinberg ","No","male","white","no","white","n",4,5,5,4,2,4,4,5,4,1,3,2,4,4,5,4,4,5,4,4,5,5,1,1,4,1,5,4,1,5,2,4,4,4,2,4,5,4,5,4,4,4,3,5,4,1,5,1,1,2,4,3,2,5,5,2,4,3.333333333,2.166666667,3.833333333,3.333333333,4.333333333,4.333333333
"337",480,480,"WBG57","Weinberg ","No","female","white","no","white","n",1.5,3,1,2,1.5,2,1.5,4,2,2,3,4,2,2,1,4,2,2,1,3,3,2,2,1,3,1,3,2,1,3,4,1,3,1,4,5,1,2,3,2,1,1,1,NA,1,3,2,1,1,3,1,2,2,3,3,1,1,1.583333333,1.666666667,2.5,2.5,1.666666667,2.666666667
"338",481,481,"WBG58","Weinberg ","No","female","white","no","white","n",5,4,2,5,4,5,5,5,4,4,2,3,4,4,5,5,4,5,4,5,4,1,4,4,4,5,5,5,4,2,4,4,4,4,4,4,5,4,5,5,2,4,2,5,5,5,4,2,1,2,4,5,4,4,4,5,5,4.166666667,3.833333333,4.166666667,4.166666667,4.333333333,4.333333333
"339",482,482,"WBG59","Weinberg ","No","female","white","no","white","n",4,3,2,4,1,4,3,4,3,1,3,4,4,5,5,4,3,4,2,4,3,2,4,1,4,4,4,3,1,3,4,3,4,3,4,4,4,4,4,3,2,4,1,4,3,5,5,1,4,4,3,4,5,4,3,3,3,2.5,2.666666667,4.166666667,3.5,3,4
"340",484,484,"WBG60","Weinberg ","No","female","white","no","white","n",5,5,4,5,3,5,5,3,5,4,5,4,1,4,3,5,1,5,4,5,5,5,5,4,5,5,5,5,5,5,5,3,5,5,5,5,5,5,5,5,5,5,1,5,5,5,5,4,2,5,5,5,5,5,5,5,5,4.333333333,4.833333333,3.666666667,4.666666667,3.333333333,5
"341",485,485,"WBG61","Weinberg ","No","female","white","no","white","n",5,4,2,5,2,5,4,5,3,2,2,5,2,3,5,4,1,4,1,5,4,2,4,2,5,4,5,4,2,2,5,2,5,4,2,5,2,4,4,5,1,3,4,5,2,5,4,2,1,5,5,5,4,4,4,3,3,3.333333333,3.166666667,3.666666667,3.666666667,2,3.666666667
"342",486,486,"WBG62","Weinberg ","No","female","white","no","white","n",4,4,4,5,4,5,5,5,5,3,4,4,2,3,2,5,5,5,5,5,4,4,5,5,5,5,4,4,3,4,4,3,4,4,4,5,5,5,5,4,1,5,3,4,5,4,4,2,4,2,1,2,1,3,3,4,5,4.166666667,4.5,3.5,3.833333333,5,5
"343",487,487,"WBG63","Weinberg ","No","male","decline to state","yes","hispanic","y",5,3,4,5,4.25,5,5,4,5,3,3,2,3,5,3,4,4,5,3,5,4,3,5,5,3,1,4,3,3,4,2,3,4,3,4,5,5,5,5,3,2,5,4,5,5,4,3,2,2,2,4,4,4,4,3,4,5,4.375,3.666666667,3.666666667,3.166666667,4,5
"344",488,488,"WBG7","Weinberg ","No","female","white","no","white","n",4,5,4,5,3,5,5,5,4,2,3,4,5,5,5,3,3,5,4,5,5,3,5,3,5,5,5,4,3,5,4,5,5,5,3,5,5,5,5,5,4,4,3,5,5,5,5,3,3,5,5,5,5,5,5,5,5,3.833333333,4,4.333333333,4.333333333,4,5
"345",489,489,"WBG8","Weinberg ","No","female","white","no","white","n",4,5,3,4,3,5,4,5,4,3,2,4,3,3,4,4,3,4,3,4,4,3,4,3,5,4,5,4,3,2,3,3,4,4,3,4,4,4,4,4,4,3,3,5,4,5,4,2,2,4,4,4,4,4,4,4,4,3.5,3.5,3.666666667,3.5,3.333333333,4
